player_name,team,position,week,projected_points,bye_week,adp
Marrow Abara,MIN,QB,1,16.1,5,4
Marrow Abara,MIN,QB,2,17.3,5,4
Marrow Abara,MIN,QB,3,19.7,5,4
Marrow Abara,MIN,QB,4,18.5,5,4
Marrow Abara,MIN,QB,6,19.5,5,4
Marrow Abara,MIN,QB,7,18.2,5,4
Marrow Abara,MIN,QB,8,18.4,5,4
Marrow Abara,MIN,QB,9,18.0,5,4
Marrow Abara,MIN,QB,10,14.8,5,4
Marrow Abara,MIN,QB,11,19.2,5,4
Marrow Abara,MIN,QB,12,18.6,5,4
Marrow Abara,MIN,QB,13,18.6,5,4
Marrow Abara,MIN,QB,14,14.8,5,4
Marrow Abara,MIN,QB,15,14.7,5,4
Marrow Abara,MIN,QB,16,16.2,5,4
Marrow Abara,MIN,QB,17,16.9,5,4
Lior Kessling,JAX,QB,1,18.4,7,2
Lior Kessling,JAX,QB,2,18.5,7,2
Lior Kessling,JAX,QB,3,16.7,7,2
Lior Kessling,JAX,QB,4,20.9,7,2
Lior Kessling,JAX,QB,5,18.8,7,2
Lior Kessling,JAX,QB,6,19.9,7,2
Lior Kessling,JAX,QB,8,16.8,7,2
Lior Kessling,JAX,QB,9,16.6,7,2
Lior Kessling,JAX,QB,10,17.2,7,2
Lior Kessling,JAX,QB,11,17.7,7,2
Lior Kessling,JAX,QB,12,19.0,7,2
Lior Kessling,JAX,QB,13,18.3,7,2
Lior Kessling,JAX,QB,14,17.1,7,2
Lior Kessling,JAX,QB,15,16.2,7,2
Lior Kessling,JAX,QB,16,16.9,7,2
Lior Kessling,JAX,QB,17,20.0,7,2
Abington Marchetti,TB,QB,1,18.4,8,1
Abington Marchetti,TB,QB,2,17.6,8,1
Abington Marchetti,TB,QB,3,16.9,8,1
Abington Marchetti,TB,QB,4,17.9,8,1
Abington Marchetti,TB,QB,5,20.8,8,1
Abington Marchetti,TB,QB,6,16.8,8,1
Abington Marchetti,TB,QB,7,17.7,8,1
Abington Marchetti,TB,QB,9,23.6,8,1
Abington Marchetti,TB,QB,10,20.2,8,1
Abington Marchetti,TB,QB,11,20.1,8,1
Abington Marchetti,TB,QB,12,18.9,8,1
Abington Marchetti,TB,QB,13,17.8,8,1
Abington Marchetti,TB,QB,14,18.3,8,1
Abington Marchetti,TB,QB,15,18.9,8,1
Abington Marchetti,TB,QB,16,17.4,8,1
Abington Marchetti,TB,QB,17,16.2,8,1
Vasquez Pellegrino,MIN,QB,1,16.0,10,5
Vasquez Pellegrino,MIN,QB,2,16.8,10,5
Vasquez Pellegrino,MIN,QB,3,20.0,10,5
Vasquez Pellegrino,MIN,QB,4,14.2,10,5
Vasquez Pellegrino,MIN,QB,5,15.2,10,5
Vasquez Pellegrino,MIN,QB,6,18.1,10,5
Vasquez Pellegrino,MIN,QB,7,20.2,10,5
Vasquez Pellegrino,MIN,QB,8,18.7,10,5
Vasquez Pellegrino,MIN,QB,9,14.4,10,5
Vasquez Pellegrino,MIN,QB,11,13.3,10,5
Vasquez Pellegrino,MIN,QB,12,18.3,10,5
Vasquez Pellegrino,MIN,QB,13,16.4,10,5
Vasquez Pellegrino,MIN,QB,14,15.8,10,5
Vasquez Pellegrino,MIN,QB,15,19.4,10,5
Vasquez Pellegrino,MIN,QB,16,19.6,10,5
Vasquez Pellegrino,MIN,QB,17,18.0,10,5
Doss Ibsen,DET,QB,1,15.4,5,6
Doss Ibsen,DET,QB,2,18.9,5,6
Doss Ibsen,DET,QB,3,12.9,5,6
Doss Ibsen,DET,QB,4,18.4,5,6
Doss Ibsen,DET,QB,6,15.0,5,6
Doss Ibsen,DET,QB,7,16.1,5,6
Doss Ibsen,DET,QB,8,14.9,5,6
Doss Ibsen,DET,QB,9,16.9,5,6
Doss Ibsen,DET,QB,10,17.3,5,6
Doss Ibsen,DET,QB,11,17.5,5,6
Doss Ibsen,DET,QB,12,13.5,5,6
Doss Ibsen,DET,QB,13,15.2,5,6
Doss Ibsen,DET,QB,14,18.7,5,6
Doss Ibsen,DET,QB,15,15.8,5,6
Doss Ibsen,DET,QB,16,15.1,5,6
Doss Ibsen,DET,QB,17,16.9,5,6
Tavares Larkspur,CHI,QB,1,20.2,8,3
Tavares Larkspur,CHI,QB,2,17.1,8,3
Tavares Larkspur,CHI,QB,3,17.5,8,3
Tavares Larkspur,CHI,QB,4,18.2,8,3
Tavares Larkspur,CHI,QB,5,18.2,8,3
Tavares Larkspur,CHI,QB,6,18.6,8,3
Tavares Larkspur,CHI,QB,7,15.7,8,3
Tavares Larkspur,CHI,QB,9,15.9,8,3
Tavares Larkspur,CHI,QB,10,19.3,8,3
Tavares Larkspur,CHI,QB,11,19.3,8,3
Tavares Larkspur,CHI,QB,12,19.3,8,3
Tavares Larkspur,CHI,QB,13,16.1,8,3
Tavares Larkspur,CHI,QB,14,16.7,8,3
Tavares Larkspur,CHI,QB,15,14.9,8,3
Tavares Larkspur,CHI,QB,16,19.8,8,3
Tavares Larkspur,CHI,QB,17,13.7,8,3
Jorgensen Abara,PHI,QB,1,14.3,11,7
Jorgensen Abara,PHI,QB,2,14.2,11,7
Jorgensen Abara,PHI,QB,3,15.8,11,7
Jorgensen Abara,PHI,QB,4,15.2,11,7
Jorgensen Abara,PHI,QB,5,15.5,11,7
Jorgensen Abara,PHI,QB,6,16.0,11,7
Jorgensen Abara,PHI,QB,7,14.7,11,7
Jorgensen Abara,PHI,QB,8,14.7,11,7
Jorgensen Abara,PHI,QB,9,15.1,11,7
Jorgensen Abara,PHI,QB,10,15.3,11,7
Jorgensen Abara,PHI,QB,12,14.4,11,7
Jorgensen Abara,PHI,QB,13,15.0,11,7
Jorgensen Abara,PHI,QB,14,16.4,11,7
Jorgensen Abara,PHI,QB,15,13.0,11,7
Jorgensen Abara,PHI,QB,16,15.5,11,7
Jorgensen Abara,PHI,QB,17,15.7,11,7
Bellweather Ibsen,NO,QB,1,9.4,6,10
Bellweather Ibsen,NO,QB,2,14.6,6,10
Bellweather Ibsen,NO,QB,3,12.7,6,10
Bellweather Ibsen,NO,QB,4,14.4,6,10
Bellweather Ibsen,NO,QB,5,16.0,6,10
Bellweather Ibsen,NO,QB,7,16.5,6,10
Bellweather Ibsen,NO,QB,8,14.1,6,10
Bellweather Ibsen,NO,QB,9,12.2,6,10
Bellweather Ibsen,NO,QB,10,13.4,6,10
Bellweather Ibsen,NO,QB,11,12.2,6,10
Bellweather Ibsen,NO,QB,12,15.4,6,10
Bellweather Ibsen,NO,QB,13,18.3,6,10
Bellweather Ibsen,NO,QB,14,12.5,6,10
Bellweather Ibsen,NO,QB,15,16.2,6,10
Bellweather Ibsen,NO,QB,16,16.7,6,10
Bellweather Ibsen,NO,QB,17,12.7,6,10
Xavier Pellegrino,MIA,QB,1,16.3,9,9
Xavier Pellegrino,MIA,QB,2,14.0,9,9
Xavier Pellegrino,MIA,QB,3,15.2,9,9
Xavier Pellegrino,MIA,QB,4,17.0,9,9
Xavier Pellegrino,MIA,QB,5,12.4,9,9
Xavier Pellegrino,MIA,QB,6,14.8,9,9
Xavier Pellegrino,MIA,QB,7,12.5,9,9
Xavier Pellegrino,MIA,QB,8,12.9,9,9
Xavier Pellegrino,MIA,QB,10,14.9,9,9
Xavier Pellegrino,MIA,QB,11,13.7,9,9
Xavier Pellegrino,MIA,QB,12,15.0,9,9
Xavier Pellegrino,MIA,QB,13,16.6,9,9
Xavier Pellegrino,MIA,QB,14,15.3,9,9
Xavier Pellegrino,MIA,QB,15,13.8,9,9
Xavier Pellegrino,MIA,QB,16,12.0,9,9
Xavier Pellegrino,MIA,QB,17,15.0,9,9
Farley Ibsen,ATL,QB,1,12.1,9,20
Farley Ibsen,ATL,QB,2,12.4,9,20
Farley Ibsen,ATL,QB,3,14.4,9,20
Farley Ibsen,ATL,QB,4,10.8,9,20
Farley Ibsen,ATL,QB,5,10.6,9,20
Farley Ibsen,ATL,QB,6,17.2,9,20
Farley Ibsen,ATL,QB,7,14.1,9,20
Farley Ibsen,ATL,QB,8,13.8,9,20
Farley Ibsen,ATL,QB,10,11.8,9,20
Farley Ibsen,ATL,QB,11,13.7,9,20
Farley Ibsen,ATL,QB,12,8.3,9,20
Farley Ibsen,ATL,QB,13,13.9,9,20
Farley Ibsen,ATL,QB,14,13.3,9,20
Farley Ibsen,ATL,QB,15,13.3,9,20
Farley Ibsen,ATL,QB,16,14.7,9,20
Farley Ibsen,ATL,QB,17,12.5,9,20
Ellum Wexford,CHI,QB,1,14.6,11,8
Ellum Wexford,CHI,QB,2,12.6,11,8
Ellum Wexford,CHI,QB,3,16.0,11,8
Ellum Wexford,CHI,QB,4,17.4,11,8
Ellum Wexford,CHI,QB,5,13.1,11,8
Ellum Wexford,CHI,QB,6,17.4,11,8
Ellum Wexford,CHI,QB,7,16.4,11,8
Ellum Wexford,CHI,QB,8,14.3,11,8
Ellum Wexford,CHI,QB,9,11.2,11,8
Ellum Wexford,CHI,QB,10,17.1,11,8
Ellum Wexford,CHI,QB,12,14.5,11,8
Ellum Wexford,CHI,QB,13,13.6,11,8
Ellum Wexford,CHI,QB,14,15.3,11,8
Ellum Wexford,CHI,QB,15,15.3,11,8
Ellum Wexford,CHI,QB,16,17.2,11,8
Ellum Wexford,CHI,QB,17,12.8,11,8
Jespersen Obrecht,DEN,QB,1,11.9,10,18
Jespersen Obrecht,DEN,QB,2,12.1,10,18
Jespersen Obrecht,DEN,QB,3,13.1,10,18
Jespersen Obrecht,DEN,QB,4,9.5,10,18
Jespersen Obrecht,DEN,QB,5,14.5,10,18
Jespersen Obrecht,DEN,QB,6,14.0,10,18
Jespersen Obrecht,DEN,QB,7,15.5,10,18
Jespersen Obrecht,DEN,QB,8,16.2,10,18
Jespersen Obrecht,DEN,QB,9,13.4,10,18
Jespersen Obrecht,DEN,QB,11,15.6,10,18
Jespersen Obrecht,DEN,QB,12,13.4,10,18
Jespersen Obrecht,DEN,QB,13,12.4,10,18
Jespersen Obrecht,DEN,QB,14,9.2,10,18
Jespersen Obrecht,DEN,QB,15,12.2,10,18
Jespersen Obrecht,DEN,QB,16,11.2,10,18
Jespersen Obrecht,DEN,QB,17,14.2,10,18
Paxton Wexford,DAL,QB,1,12.2,10,14
Paxton Wexford,DAL,QB,2,11.2,10,14
Paxton Wexford,DAL,QB,3,10.7,10,14
Paxton Wexford,DAL,QB,4,13.6,10,14
Paxton Wexford,DAL,QB,5,14.6,10,14
Paxton Wexford,DAL,QB,6,13.3,10,14
Paxton Wexford,DAL,QB,7,15.1,10,14
Paxton Wexford,DAL,QB,8,15.6,10,14
Paxton Wexford,DAL,QB,9,16.0,10,14
Paxton Wexford,DAL,QB,11,11.8,10,14
Paxton Wexford,DAL,QB,12,11.6,10,14
Paxton Wexford,DAL,QB,13,12.0,10,14
Paxton Wexford,DAL,QB,14,14.5,10,14
Paxton Wexford,DAL,QB,15,14.7,10,14
Paxton Wexford,DAL,QB,16,13.3,10,14
Paxton Wexford,DAL,QB,17,13.3,10,14
Ridgely Obrecht,BUF,QB,1,9.3,13,19
Ridgely Obrecht,BUF,QB,2,12.6,13,19
Ridgely Obrecht,BUF,QB,3,12.7,13,19
Ridgely Obrecht,BUF,QB,4,11.9,13,19
Ridgely Obrecht,BUF,QB,5,12.5,13,19
Ridgely Obrecht,BUF,QB,6,12.8,13,19
Ridgely Obrecht,BUF,QB,7,13.9,13,19
Ridgely Obrecht,BUF,QB,8,13.4,13,19
Ridgely Obrecht,BUF,QB,9,16.0,13,19
Ridgely Obrecht,BUF,QB,10,12.9,13,19
Ridgely Obrecht,BUF,QB,11,13.7,13,19
Ridgely Obrecht,BUF,QB,12,12.9,13,19
Ridgely Obrecht,BUF,QB,14,14.7,13,19
Ridgely Obrecht,BUF,QB,15,11.9,13,19
Ridgely Obrecht,BUF,QB,16,12.7,13,19
Ridgely Obrecht,BUF,QB,17,13.6,13,19
Radcliffe Fitzhugh,TEN,QB,1,14.1,13,16
Radcliffe Fitzhugh,TEN,QB,2,12.3,13,16
Radcliffe Fitzhugh,TEN,QB,3,8.9,13,16
Radcliffe Fitzhugh,TEN,QB,4,11.3,13,16
Radcliffe Fitzhugh,TEN,QB,5,13.3,13,16
Radcliffe Fitzhugh,TEN,QB,6,12.0,13,16
Radcliffe Fitzhugh,TEN,QB,7,14.2,13,16
Radcliffe Fitzhugh,TEN,QB,8,14.1,13,16
Radcliffe Fitzhugh,TEN,QB,9,14.0,13,16
Radcliffe Fitzhugh,TEN,QB,10,13.4,13,16
Radcliffe Fitzhugh,TEN,QB,11,15.1,13,16
Radcliffe Fitzhugh,TEN,QB,12,14.0,13,16
Radcliffe Fitzhugh,TEN,QB,14,13.6,13,16
Radcliffe Fitzhugh,TEN,QB,15,9.2,13,16
Radcliffe Fitzhugh,TEN,QB,16,14.4,13,16
Radcliffe Fitzhugh,TEN,QB,17,15.1,13,16
Kordell Vance,NYG,QB,1,13.4,7,17
Kordell Vance,NYG,QB,2,16.8,7,17
Kordell Vance,NYG,QB,3,10.9,7,17
Kordell Vance,NYG,QB,4,13.8,7,17
Kordell Vance,NYG,QB,5,15.9,7,17
Kordell Vance,NYG,QB,6,12.4,7,17
Kordell Vance,NYG,QB,8,13.5,7,17
Kordell Vance,NYG,QB,9,14.1,7,17
Kordell Vance,NYG,QB,10,11.0,7,17
Kordell Vance,NYG,QB,11,12.4,7,17
Kordell Vance,NYG,QB,12,13.1,7,17
Kordell Vance,NYG,QB,13,14.0,7,17
Kordell Vance,NYG,QB,14,12.5,7,17
Kordell Vance,NYG,QB,15,12.2,7,17
Kordell Vance,NYG,QB,16,10.8,7,17
Kordell Vance,NYG,QB,17,11.9,7,17
Galvez Solano,ATL,QB,1,10.4,13,36
Galvez Solano,ATL,QB,2,11.0,13,36
Galvez Solano,ATL,QB,3,14.1,13,36
Galvez Solano,ATL,QB,4,10.7,13,36
Galvez Solano,ATL,QB,5,11.8,13,36
Galvez Solano,ATL,QB,6,10.9,13,36
Galvez Solano,ATL,QB,7,11.0,13,36
Galvez Solano,ATL,QB,8,11.5,13,36
Galvez Solano,ATL,QB,9,11.3,13,36
Galvez Solano,ATL,QB,10,9.6,13,36
Galvez Solano,ATL,QB,11,12.3,13,36
Galvez Solano,ATL,QB,12,12.3,13,36
Galvez Solano,ATL,QB,14,13.8,13,36
Galvez Solano,ATL,QB,15,9.3,13,36
Galvez Solano,ATL,QB,16,11.0,13,36
Galvez Solano,ATL,QB,17,12.0,13,36
Ridgely Okonkwo,WAS,QB,1,8.1,9,79
Ridgely Okonkwo,WAS,QB,2,7.1,9,79
Ridgely Okonkwo,WAS,QB,3,12.5,9,79
Ridgely Okonkwo,WAS,QB,4,10.6,9,79
Ridgely Okonkwo,WAS,QB,5,6.7,9,79
Ridgely Okonkwo,WAS,QB,6,6.4,9,79
Ridgely Okonkwo,WAS,QB,7,11.8,9,79
Ridgely Okonkwo,WAS,QB,8,10.5,9,79
Ridgely Okonkwo,WAS,QB,10,12.0,9,79
Ridgely Okonkwo,WAS,QB,11,10.2,9,79
Ridgely Okonkwo,WAS,QB,12,7.3,9,79
Ridgely Okonkwo,WAS,QB,13,9.2,9,79
Ridgely Okonkwo,WAS,QB,14,5.0,9,79
Ridgely Okonkwo,WAS,QB,15,7.5,9,79
Ridgely Okonkwo,WAS,QB,16,8.7,9,79
Ridgely Okonkwo,WAS,QB,17,9.7,9,79
Cassel Delgado,KC,QB,1,8.7,9,86
Cassel Delgado,KC,QB,2,9.7,9,86
Cassel Delgado,KC,QB,3,7.2,9,86
Cassel Delgado,KC,QB,4,11.0,9,86
Cassel Delgado,KC,QB,5,7.7,9,86
Cassel Delgado,KC,QB,6,10.2,9,86
Cassel Delgado,KC,QB,7,9.0,9,86
Cassel Delgado,KC,QB,8,9.7,9,86
Cassel Delgado,KC,QB,10,9.6,9,86
Cassel Delgado,KC,QB,11,8.4,9,86
Cassel Delgado,KC,QB,12,11.1,9,86
Cassel Delgado,KC,QB,13,8.5,9,86
Cassel Delgado,KC,QB,14,7.2,9,86
Cassel Delgado,KC,QB,15,7.9,9,86
Cassel Delgado,KC,QB,16,4.2,9,86
Cassel Delgado,KC,QB,17,8.9,9,86
Stavros Obrecht,CIN,QB,1,12.8,12,56
Stavros Obrecht,CIN,QB,2,6.2,12,56
Stavros Obrecht,CIN,QB,3,8.8,12,56
Stavros Obrecht,CIN,QB,4,10.3,12,56
Stavros Obrecht,CIN,QB,5,9.4,12,56
Stavros Obrecht,CIN,QB,6,10.4,12,56
Stavros Obrecht,CIN,QB,7,11.3,12,56
Stavros Obrecht,CIN,QB,8,7.3,12,56
Stavros Obrecht,CIN,QB,9,12.6,12,56
Stavros Obrecht,CIN,QB,10,13.3,12,56
Stavros Obrecht,CIN,QB,11,12.5,12,56
Stavros Obrecht,CIN,QB,13,8.8,12,56
Stavros Obrecht,CIN,QB,14,11.7,12,56
Stavros Obrecht,CIN,QB,15,9.4,12,56
Stavros Obrecht,CIN,QB,16,10.6,12,56
Stavros Obrecht,CIN,QB,17,7.9,12,56
Vance Obrecht,BUF,RB,1,13.4,11,11
Vance Obrecht,BUF,RB,2,12.7,11,11
Vance Obrecht,BUF,RB,3,14.2,11,11
Vance Obrecht,BUF,RB,4,15.7,11,11
Vance Obrecht,BUF,RB,5,13.0,11,11
Vance Obrecht,BUF,RB,6,14.4,11,11
Vance Obrecht,BUF,RB,7,12.7,11,11
Vance Obrecht,BUF,RB,8,14.6,11,11
Vance Obrecht,BUF,RB,9,19.1,11,11
Vance Obrecht,BUF,RB,10,12.9,11,11
Vance Obrecht,BUF,RB,12,12.7,11,11
Vance Obrecht,BUF,RB,13,13.7,11,11
Vance Obrecht,BUF,RB,14,15.7,11,11
Vance Obrecht,BUF,RB,15,13.8,11,11
Vance Obrecht,BUF,RB,16,14.1,11,11
Vance Obrecht,BUF,RB,17,14.2,11,11
Vance Ibsen,NYJ,RB,1,13.6,9,21
Vance Ibsen,NYJ,RB,2,15.1,9,21
Vance Ibsen,NYJ,RB,3,14.4,9,21
Vance Ibsen,NYJ,RB,4,12.9,9,21
Vance Ibsen,NYJ,RB,5,14.5,9,21
Vance Ibsen,NYJ,RB,6,13.9,9,21
Vance Ibsen,NYJ,RB,7,13.3,9,21
Vance Ibsen,NYJ,RB,8,13.0,9,21
Vance Ibsen,NYJ,RB,10,12.4,9,21
Vance Ibsen,NYJ,RB,11,14.2,9,21
Vance Ibsen,NYJ,RB,12,10.8,9,21
Vance Ibsen,NYJ,RB,13,11.7,9,21
Vance Ibsen,NYJ,RB,14,12.9,9,21
Vance Ibsen,NYJ,RB,15,10.1,9,21
Vance Ibsen,NYJ,RB,16,12.0,9,21
Vance Ibsen,NYJ,RB,17,9.0,9,21
Ridgely Quezada,NYJ,RB,1,11.2,12,44
Ridgely Quezada,NYJ,RB,2,9.0,12,44
Ridgely Quezada,NYJ,RB,3,15.2,12,44
Ridgely Quezada,NYJ,RB,4,12.7,12,44
Ridgely Quezada,NYJ,RB,5,13.8,12,44
Ridgely Quezada,NYJ,RB,6,10.0,12,44
Ridgely Quezada,NYJ,RB,7,11.3,12,44
Ridgely Quezada,NYJ,RB,8,8.2,12,44
Ridgely Quezada,NYJ,RB,9,13.2,12,44
Ridgely Quezada,NYJ,RB,10,13.5,12,44
Ridgely Quezada,NYJ,RB,11,8.0,12,44
Ridgely Quezada,NYJ,RB,13,11.6,12,44
Ridgely Quezada,NYJ,RB,14,12.9,12,44
Ridgely Quezada,NYJ,RB,15,8.3,12,44
Ridgely Quezada,NYJ,RB,16,8.2,12,44
Ridgely Quezada,NYJ,RB,17,9.6,12,44
Vance Reyes,JAX,RB,1,10.9,5,41
Vance Reyes,JAX,RB,2,12.2,5,41
Vance Reyes,JAX,RB,3,12.8,5,41
Vance Reyes,JAX,RB,4,9.4,5,41
Vance Reyes,JAX,RB,6,9.6,5,41
Vance Reyes,JAX,RB,7,9.6,5,41
Vance Reyes,JAX,RB,8,10.6,5,41
Vance Reyes,JAX,RB,9,9.5,5,41
Vance Reyes,JAX,RB,10,14.9,5,41
Vance Reyes,JAX,RB,11,11.6,5,41
Vance Reyes,JAX,RB,12,11.5,5,41
Vance Reyes,JAX,RB,13,9.2,5,41
Vance Reyes,JAX,RB,14,8.8,5,41
Vance Reyes,JAX,RB,15,10.9,5,41
Vance Reyes,JAX,RB,16,14.4,5,41
Vance Reyes,JAX,RB,17,12.8,5,41
Tobias Uzoma,LAC,RB,1,11.7,9,32
Tobias Uzoma,LAC,RB,2,10.3,9,32
Tobias Uzoma,LAC,RB,3,10.4,9,32
Tobias Uzoma,LAC,RB,4,10.0,9,32
Tobias Uzoma,LAC,RB,5,12.1,9,32
Tobias Uzoma,LAC,RB,6,11.0,9,32
Tobias Uzoma,LAC,RB,7,13.0,9,32
Tobias Uzoma,LAC,RB,8,10.8,9,32
Tobias Uzoma,LAC,RB,10,14.3,9,32
Tobias Uzoma,LAC,RB,11,12.5,9,32
Tobias Uzoma,LAC,RB,12,12.5,9,32
Tobias Uzoma,LAC,RB,13,14.2,9,32
Tobias Uzoma,LAC,RB,14,10.3,9,32
Tobias Uzoma,LAC,RB,15,14.1,9,32
Tobias Uzoma,LAC,RB,16,10.7,9,32
Tobias Uzoma,LAC,RB,17,9.2,9,32
Dalton Ibsen,DAL,RB,1,13.2,5,23
Dalton Ibsen,DAL,RB,2,12.2,5,23
Dalton Ibsen,DAL,RB,3,12.8,5,23
Dalton Ibsen,DAL,RB,4,14.5,5,23
Dalton Ibsen,DAL,RB,6,11.9,5,23
Dalton Ibsen,DAL,RB,7,10.8,5,23
Dalton Ibsen,DAL,RB,8,9.1,5,23
Dalton Ibsen,DAL,RB,9,13.0,5,23
Dalton Ibsen,DAL,RB,10,14.7,5,23
Dalton Ibsen,DAL,RB,11,12.2,5,23
Dalton Ibsen,DAL,RB,12,12.0,5,23
Dalton Ibsen,DAL,RB,13,13.1,5,23
Dalton Ibsen,DAL,RB,14,10.7,5,23
Dalton Ibsen,DAL,RB,15,12.6,5,23
Dalton Ibsen,DAL,RB,16,14.3,5,23
Dalton Ibsen,DAL,RB,17,13.4,5,23
Castillo Abara,SF,RB,1,14.2,8,12
Castillo Abara,SF,RB,2,13.1,8,12
Castillo Abara,SF,RB,3,16.2,8,12
Castillo Abara,SF,RB,4,15.2,8,12
Castillo Abara,SF,RB,5,13.3,8,12
Castillo Abara,SF,RB,6,15.3,8,12
Castillo Abara,SF,RB,7,11.3,8,12
Castillo Abara,SF,RB,9,11.8,8,12
Castillo Abara,SF,RB,10,13.3,8,12
Castillo Abara,SF,RB,11,14.4,8,12
Castillo Abara,SF,RB,12,12.0,8,12
Castillo Abara,SF,RB,13,15.2,8,12
Castillo Abara,SF,RB,14,14.8,8,12
Castillo Abara,SF,RB,15,12.1,8,12
Castillo Abara,SF,RB,16,16.0,8,12
Castillo Abara,SF,RB,17,17.4,8,12
Lombard Marchetti,SF,RB,1,11.1,7,22
Lombard Marchetti,SF,RB,2,12.5,7,22
Lombard Marchetti,SF,RB,3,11.0,7,22
Lombard Marchetti,SF,RB,4,13.3,7,22
Lombard Marchetti,SF,RB,5,10.8,7,22
Lombard Marchetti,SF,RB,6,13.5,7,22
Lombard Marchetti,SF,RB,8,13.0,7,22
Lombard Marchetti,SF,RB,9,11.4,7,22
Lombard Marchetti,SF,RB,10,15.0,7,22
Lombard Marchetti,SF,RB,11,12.1,7,22
Lombard Marchetti,SF,RB,12,11.8,7,22
Lombard Marchetti,SF,RB,13,12.5,7,22
Lombard Marchetti,SF,RB,14,8.8,7,22
Lombard Marchetti,SF,RB,15,14.3,7,22
Lombard Marchetti,SF,RB,16,15.7,7,22
Lombard Marchetti,SF,RB,17,13.9,7,22
Marek Vance,LAR,RB,1,9.2,6,53
Marek Vance,LAR,RB,2,8.3,6,53
Marek Vance,LAR,RB,3,13.7,6,53
Marek Vance,LAR,RB,4,14.7,6,53
Marek Vance,LAR,RB,5,9.1,6,53
Marek Vance,LAR,RB,7,11.3,6,53
Marek Vance,LAR,RB,8,11.1,6,53
Marek Vance,LAR,RB,9,7.3,6,53
Marek Vance,LAR,RB,10,10.2,6,53
Marek Vance,LAR,RB,11,10.8,6,53
Marek Vance,LAR,RB,12,10.8,6,53
Marek Vance,LAR,RB,13,8.7,6,53
Marek Vance,LAR,RB,14,12.4,6,53
Marek Vance,LAR,RB,15,8.9,6,53
Marek Vance,LAR,RB,16,10.8,6,53
Marek Vance,LAR,RB,17,11.4,6,53
Dunleavy Montoya,PIT,RB,1,12.1,7,24
Dunleavy Montoya,PIT,RB,2,12.9,7,24
Dunleavy Montoya,PIT,RB,3,13.2,7,24
Dunleavy Montoya,PIT,RB,4,11.8,7,24
Dunleavy Montoya,PIT,RB,5,10.5,7,24
Dunleavy Montoya,PIT,RB,6,12.6,7,24
Dunleavy Montoya,PIT,RB,8,11.3,7,24
Dunleavy Montoya,PIT,RB,9,15.3,7,24
Dunleavy Montoya,PIT,RB,10,13.7,7,24
Dunleavy Montoya,PIT,RB,11,12.0,7,24
Dunleavy Montoya,PIT,RB,12,11.4,7,24
Dunleavy Montoya,PIT,RB,13,10.9,7,24
Dunleavy Montoya,PIT,RB,14,10.5,7,24
Dunleavy Montoya,PIT,RB,15,11.6,7,24
Dunleavy Montoya,PIT,RB,16,12.8,7,24
Dunleavy Montoya,PIT,RB,17,13.3,7,24
Quimby Villareal,IND,RB,1,10.2,12,28
Quimby Villareal,IND,RB,2,12.4,12,28
Quimby Villareal,IND,RB,3,12.0,12,28
Quimby Villareal,IND,RB,4,9.8,12,28
Quimby Villareal,IND,RB,5,10.5,12,28
Quimby Villareal,IND,RB,6,11.4,12,28
Quimby Villareal,IND,RB,7,13.0,12,28
Quimby Villareal,IND,RB,8,14.0,12,28
Quimby Villareal,IND,RB,9,11.1,12,28
Quimby Villareal,IND,RB,10,13.5,12,28
Quimby Villareal,IND,RB,11,12.3,12,28
Quimby Villareal,IND,RB,13,10.6,12,28
Quimby Villareal,IND,RB,14,15.7,12,28
Quimby Villareal,IND,RB,15,12.3,12,28
Quimby Villareal,IND,RB,16,9.5,12,28
Quimby Villareal,IND,RB,17,14.0,12,28
Everhart Vance,IND,RB,1,9.8,10,29
Everhart Vance,IND,RB,2,12.4,10,29
Everhart Vance,IND,RB,3,10.5,10,29
Everhart Vance,IND,RB,4,14.6,10,29
Everhart Vance,IND,RB,5,9.0,10,29
Everhart Vance,IND,RB,6,11.7,10,29
Everhart Vance,IND,RB,7,12.8,10,29
Everhart Vance,IND,RB,8,11.6,10,29
Everhart Vance,IND,RB,9,13.8,10,29
Everhart Vance,IND,RB,11,11.2,10,29
Everhart Vance,IND,RB,12,11.1,10,29
Everhart Vance,IND,RB,13,10.7,10,29
Everhart Vance,IND,RB,14,11.0,10,29
Everhart Vance,IND,RB,15,15.6,10,29
Everhart Vance,IND,RB,16,13.3,10,29
Everhart Vance,IND,RB,17,12.1,10,29
Jespersen Lindberg,SEA,RB,1,6.5,12,70
Jespersen Lindberg,SEA,RB,2,12.7,12,70
Jespersen Lindberg,SEA,RB,3,11.7,12,70
Jespersen Lindberg,SEA,RB,4,6.6,12,70
Jespersen Lindberg,SEA,RB,5,11.4,12,70
Jespersen Lindberg,SEA,RB,6,9.7,12,70
Jespersen Lindberg,SEA,RB,7,10.8,12,70
Jespersen Lindberg,SEA,RB,8,10.6,12,70
Jespersen Lindberg,SEA,RB,9,7.1,12,70
Jespersen Lindberg,SEA,RB,10,9.5,12,70
Jespersen Lindberg,SEA,RB,11,12.8,12,70
Jespersen Lindberg,SEA,RB,13,8.8,12,70
Jespersen Lindberg,SEA,RB,14,8.0,12,70
Jespersen Lindberg,SEA,RB,15,7.3,12,70
Jespersen Lindberg,SEA,RB,16,7.6,12,70
Jespersen Lindberg,SEA,RB,17,10.6,12,70
Aiken Salazar,BAL,RB,1,12.9,7,45
Aiken Salazar,BAL,RB,2,9.2,7,45
Aiken Salazar,BAL,RB,3,10.2,7,45
Aiken Salazar,BAL,RB,4,11.5,7,45
Aiken Salazar,BAL,RB,5,10.5,7,45
Aiken Salazar,BAL,RB,6,13.2,7,45
Aiken Salazar,BAL,RB,8,10.2,7,45
Aiken Salazar,BAL,RB,9,9.6,7,45
Aiken Salazar,BAL,RB,10,12.6,7,45
Aiken Salazar,BAL,RB,11,11.5,7,45
Aiken Salazar,BAL,RB,12,8.9,7,45
Aiken Salazar,BAL,RB,13,9.6,7,45
Aiken Salazar,BAL,RB,14,10.9,7,45
Aiken Salazar,BAL,RB,15,13.1,7,45
Aiken Salazar,BAL,RB,16,12.1,7,45
Aiken Salazar,BAL,RB,17,10.6,7,45
Farley Solano,TB,RB,1,11.2,8,50
Farley Solano,TB,RB,2,12.5,8,50
Farley Solano,TB,RB,3,14.0,8,50
Farley Solano,TB,RB,4,10.4,8,50
Farley Solano,TB,RB,5,11.0,8,50
Farley Solano,TB,RB,6,11.5,8,50
Farley Solano,TB,RB,7,8.2,8,50
Farley Solano,TB,RB,9,11.1,8,50
Farley Solano,TB,RB,10,9.8,8,50
Farley Solano,TB,RB,11,11.8,8,50
Farley Solano,TB,RB,12,8.9,8,50
Farley Solano,TB,RB,13,7.3,8,50
Farley Solano,TB,RB,14,11.2,8,50
Farley Solano,TB,RB,15,11.6,8,50
Farley Solano,TB,RB,16,10.0,8,50
Farley Solano,TB,RB,17,12.8,8,50
Yancy Reyes,PHI,RB,1,10.5,9,30
Yancy Reyes,PHI,RB,2,11.7,9,30
Yancy Reyes,PHI,RB,3,13.4,9,30
Yancy Reyes,PHI,RB,4,11.5,9,30
Yancy Reyes,PHI,RB,5,12.4,9,30
Yancy Reyes,PHI,RB,6,10.5,9,30
Yancy Reyes,PHI,RB,7,12.3,9,30
Yancy Reyes,PHI,RB,8,15.0,9,30
Yancy Reyes,PHI,RB,10,10.4,9,30
Yancy Reyes,PHI,RB,11,16.3,9,30
Yancy Reyes,PHI,RB,12,10.5,9,30
Yancy Reyes,PHI,RB,13,11.8,9,30
Yancy Reyes,PHI,RB,14,12.1,9,30
Yancy Reyes,PHI,RB,15,13.7,9,30
Yancy Reyes,PHI,RB,16,9.4,9,30
Yancy Reyes,PHI,RB,17,7.7,9,30
Ingersoll Whitfield,DEN,RB,1,7.8,8,71
Ingersoll Whitfield,DEN,RB,2,8.4,8,71
Ingersoll Whitfield,DEN,RB,3,9.2,8,71
Ingersoll Whitfield,DEN,RB,4,8.3,8,71
Ingersoll Whitfield,DEN,RB,5,6.6,8,71
Ingersoll Whitfield,DEN,RB,6,10.4,8,71
Ingersoll Whitfield,DEN,RB,7,9.1,8,71
Ingersoll Whitfield,DEN,RB,9,10.4,8,71
Ingersoll Whitfield,DEN,RB,10,10.5,8,71
Ingersoll Whitfield,DEN,RB,11,10.0,8,71
Ingersoll Whitfield,DEN,RB,12,10.5,8,71
Ingersoll Whitfield,DEN,RB,13,12.1,8,71
Ingersoll Whitfield,DEN,RB,14,7.4,8,71
Ingersoll Whitfield,DEN,RB,15,9.2,8,71
Ingersoll Whitfield,DEN,RB,16,8.3,8,71
Ingersoll Whitfield,DEN,RB,17,12.4,8,71
Sorrento Halloway,NYG,RB,1,10.3,7,65
Sorrento Halloway,NYG,RB,2,10.0,7,65
Sorrento Halloway,NYG,RB,3,6.1,7,65
Sorrento Halloway,NYG,RB,4,11.5,7,65
Sorrento Halloway,NYG,RB,5,6.6,7,65
Sorrento Halloway,NYG,RB,6,8.4,7,65
Sorrento Halloway,NYG,RB,8,7.2,7,65
Sorrento Halloway,NYG,RB,9,11.9,7,65
Sorrento Halloway,NYG,RB,10,8.4,7,65
Sorrento Halloway,NYG,RB,11,12.9,7,65
Sorrento Halloway,NYG,RB,12,12.2,7,65
Sorrento Halloway,NYG,RB,13,11.2,7,65
Sorrento Halloway,NYG,RB,14,10.4,7,65
Sorrento Halloway,NYG,RB,15,11.9,7,65
Sorrento Halloway,NYG,RB,16,8.0,7,65
Sorrento Halloway,NYG,RB,17,10.2,7,65
Hutch Nakamura,TEN,RB,1,8.5,11,68
Hutch Nakamura,TEN,RB,2,8.5,11,68
Hutch Nakamura,TEN,RB,3,8.4,11,68
Hutch Nakamura,TEN,RB,4,11.4,11,68
Hutch Nakamura,TEN,RB,5,10.1,11,68
Hutch Nakamura,TEN,RB,6,9.3,11,68
Hutch Nakamura,TEN,RB,7,10.1,11,68
Hutch Nakamura,TEN,RB,8,10.6,11,68
Hutch Nakamura,TEN,RB,9,8.5,11,68
Hutch Nakamura,TEN,RB,10,8.8,11,68
Hutch Nakamura,TEN,RB,12,7.5,11,68
Hutch Nakamura,TEN,RB,13,14.0,11,68
Hutch Nakamura,TEN,RB,14,13.0,11,68
Hutch Nakamura,TEN,RB,15,10.8,11,68
Hutch Nakamura,TEN,RB,16,8.3,11,68
Hutch Nakamura,TEN,RB,17,5.8,11,68
Aiken Quezada,MIA,RB,1,8.7,14,40
Aiken Quezada,MIA,RB,2,8.3,14,40
Aiken Quezada,MIA,RB,3,13.2,14,40
Aiken Quezada,MIA,RB,4,12.0,14,40
Aiken Quezada,MIA,RB,5,7.0,14,40
Aiken Quezada,MIA,RB,6,12.5,14,40
Aiken Quezada,MIA,RB,7,13.6,14,40
Aiken Quezada,MIA,RB,8,11.2,14,40
Aiken Quezada,MIA,RB,9,11.8,14,40
Aiken Quezada,MIA,RB,10,13.8,14,40
Aiken Quezada,MIA,RB,11,7.4,14,40
Aiken Quezada,MIA,RB,12,12.0,14,40
Aiken Quezada,MIA,RB,13,13.2,14,40
Aiken Quezada,MIA,RB,15,14.9,14,40
Aiken Quezada,MIA,RB,16,11.5,14,40
Aiken Quezada,MIA,RB,17,8.2,14,40
Ives Solano,DEN,RB,1,10.8,10,55
Ives Solano,DEN,RB,2,7.7,10,55
Ives Solano,DEN,RB,3,8.4,10,55
Ives Solano,DEN,RB,4,10.1,10,55
Ives Solano,DEN,RB,5,11.3,10,55
Ives Solano,DEN,RB,6,11.9,10,55
Ives Solano,DEN,RB,7,9.0,10,55
Ives Solano,DEN,RB,8,8.5,10,55
Ives Solano,DEN,RB,9,9.2,10,55
Ives Solano,DEN,RB,11,10.0,10,55
Ives Solano,DEN,RB,12,9.5,10,55
Ives Solano,DEN,RB,13,10.7,10,55
Ives Solano,DEN,RB,14,12.7,10,55
Ives Solano,DEN,RB,15,11.5,10,55
Ives Solano,DEN,RB,16,10.8,10,55
Ives Solano,DEN,RB,17,12.2,10,55
Solis Fitzhugh,SF,RB,1,7.9,7,67
Solis Fitzhugh,SF,RB,2,8.0,7,67
Solis Fitzhugh,SF,RB,3,10.0,7,67
Solis Fitzhugh,SF,RB,4,6.3,7,67
Solis Fitzhugh,SF,RB,5,9.5,7,67
Solis Fitzhugh,SF,RB,6,9.2,7,67
Solis Fitzhugh,SF,RB,8,10.9,7,67
Solis Fitzhugh,SF,RB,9,8.7,7,67
Solis Fitzhugh,SF,RB,10,8.3,7,67
Solis Fitzhugh,SF,RB,11,9.3,7,67
Solis Fitzhugh,SF,RB,12,9.9,7,67
Solis Fitzhugh,SF,RB,13,8.7,7,67
Solis Fitzhugh,SF,RB,14,10.0,7,67
Solis Fitzhugh,SF,RB,15,11.5,7,67
Solis Fitzhugh,SF,RB,16,12.3,7,67
Solis Fitzhugh,SF,RB,17,13.3,7,67
Jorgensen Vance,HOU,RB,1,10.6,8,59
Jorgensen Vance,HOU,RB,2,13.6,8,59
Jorgensen Vance,HOU,RB,3,6.8,8,59
Jorgensen Vance,HOU,RB,4,5.3,8,59
Jorgensen Vance,HOU,RB,5,11.9,8,59
Jorgensen Vance,HOU,RB,6,11.5,8,59
Jorgensen Vance,HOU,RB,7,11.7,8,59
Jorgensen Vance,HOU,RB,9,6.8,8,59
Jorgensen Vance,HOU,RB,10,10.6,8,59
Jorgensen Vance,HOU,RB,11,9.9,8,59
Jorgensen Vance,HOU,RB,12,9.9,8,59
Jorgensen Vance,HOU,RB,13,11.1,8,59
Jorgensen Vance,HOU,RB,14,12.1,8,59
Jorgensen Vance,HOU,RB,15,15.0,8,59
Jorgensen Vance,HOU,RB,16,6.3,8,59
Jorgensen Vance,HOU,RB,17,7.9,8,59
Thackeray Uzoma,NYG,RB,1,9.6,7,54
Thackeray Uzoma,NYG,RB,2,13.2,7,54
Thackeray Uzoma,NYG,RB,3,10.7,7,54
Thackeray Uzoma,NYG,RB,4,9.6,7,54
Thackeray Uzoma,NYG,RB,5,7.7,7,54
Thackeray Uzoma,NYG,RB,6,8.3,7,54
Thackeray Uzoma,NYG,RB,8,10.2,7,54
Thackeray Uzoma,NYG,RB,9,11.7,7,54
Thackeray Uzoma,NYG,RB,10,10.7,7,54
Thackeray Uzoma,NYG,RB,11,10.9,7,54
Thackeray Uzoma,NYG,RB,12,9.8,7,54
Thackeray Uzoma,NYG,RB,13,12.5,7,54
Thackeray Uzoma,NYG,RB,14,9.1,7,54
Thackeray Uzoma,NYG,RB,15,8.8,7,54
Thackeray Uzoma,NYG,RB,16,11.6,7,54
Thackeray Uzoma,NYG,RB,17,10.0,7,54
Vann Montoya,NYG,RB,1,10.8,9,78
Vann Montoya,NYG,RB,2,9.1,9,78
Vann Montoya,NYG,RB,3,6.7,9,78
Vann Montoya,NYG,RB,4,8.8,9,78
Vann Montoya,NYG,RB,5,9.4,9,78
Vann Montoya,NYG,RB,6,5.9,9,78
Vann Montoya,NYG,RB,7,10.0,9,78
Vann Montoya,NYG,RB,8,10.6,9,78
Vann Montoya,NYG,RB,10,7.5,9,78
Vann Montoya,NYG,RB,11,7.0,9,78
Vann Montoya,NYG,RB,12,7.9,9,78
Vann Montoya,NYG,RB,13,14.3,9,78
Vann Montoya,NYG,RB,14,7.6,9,78
Vann Montoya,NYG,RB,15,6.9,9,78
Vann Montoya,NYG,RB,16,11.6,9,78
Vann Montoya,NYG,RB,17,9.6,9,78
Okafor Trentino,NO,RB,1,12.7,5,46
Okafor Trentino,NO,RB,2,10.8,5,46
Okafor Trentino,NO,RB,3,11.9,5,46
Okafor Trentino,NO,RB,4,13.8,5,46
Okafor Trentino,NO,RB,6,10.9,5,46
Okafor Trentino,NO,RB,7,11.0,5,46
Okafor Trentino,NO,RB,8,12.5,5,46
Okafor Trentino,NO,RB,9,9.7,5,46
Okafor Trentino,NO,RB,10,11.7,5,46
Okafor Trentino,NO,RB,11,9.1,5,46
Okafor Trentino,NO,RB,12,12.4,5,46
Okafor Trentino,NO,RB,13,9.4,5,46
Okafor Trentino,NO,RB,14,11.0,5,46
Okafor Trentino,NO,RB,15,11.1,5,46
Okafor Trentino,NO,RB,16,8.2,5,46
Okafor Trentino,NO,RB,17,10.0,5,46
Wyatt Lindberg,PHI,RB,1,10.8,14,39
Wyatt Lindberg,PHI,RB,2,9.7,14,39
Wyatt Lindberg,PHI,RB,3,10.2,14,39
Wyatt Lindberg,PHI,RB,4,11.8,14,39
Wyatt Lindberg,PHI,RB,5,11.2,14,39
Wyatt Lindberg,PHI,RB,6,11.5,14,39
Wyatt Lindberg,PHI,RB,7,8.5,14,39
Wyatt Lindberg,PHI,RB,8,13.1,14,39
Wyatt Lindberg,PHI,RB,9,11.8,14,39
Wyatt Lindberg,PHI,RB,10,7.5,14,39
Wyatt Lindberg,PHI,RB,11,9.7,14,39
Wyatt Lindberg,PHI,RB,12,14.4,14,39
Wyatt Lindberg,PHI,RB,13,15.0,14,39
Wyatt Lindberg,PHI,RB,15,12.0,14,39
Wyatt Lindberg,PHI,RB,16,9.9,14,39
Wyatt Lindberg,PHI,RB,17,13.3,14,39
Wyatt Villareal,NYJ,RB,1,12.2,14,51
Wyatt Villareal,NYJ,RB,2,8.3,14,51
Wyatt Villareal,NYJ,RB,3,11.7,14,51
Wyatt Villareal,NYJ,RB,4,8.0,14,51
Wyatt Villareal,NYJ,RB,5,9.1,14,51
Wyatt Villareal,NYJ,RB,6,9.2,14,51
Wyatt Villareal,NYJ,RB,7,7.6,14,51
Wyatt Villareal,NYJ,RB,8,10.5,14,51
Wyatt Villareal,NYJ,RB,9,14.4,14,51
Wyatt Villareal,NYJ,RB,10,11.2,14,51
Wyatt Villareal,NYJ,RB,11,11.1,14,51
Wyatt Villareal,NYJ,RB,12,11.6,14,51
Wyatt Villareal,NYJ,RB,13,13.1,14,51
Wyatt Villareal,NYJ,RB,15,14.2,14,51
Wyatt Villareal,NYJ,RB,16,10.6,14,51
Wyatt Villareal,NYJ,RB,17,8.9,14,51
Quintero Bianchi,BAL,RB,1,7.1,11,76
Quintero Bianchi,BAL,RB,2,8.8,11,76
Quintero Bianchi,BAL,RB,3,9.0,11,76
Quintero Bianchi,BAL,RB,4,11.5,11,76
Quintero Bianchi,BAL,RB,5,7.9,11,76
Quintero Bianchi,BAL,RB,6,8.7,11,76
Quintero Bianchi,BAL,RB,7,8.5,11,76
Quintero Bianchi,BAL,RB,8,7.9,11,76
Quintero Bianchi,BAL,RB,9,9.3,11,76
Quintero Bianchi,BAL,RB,10,9.8,11,76
Quintero Bianchi,BAL,RB,12,8.0,11,76
Quintero Bianchi,BAL,RB,13,8.1,11,76
Quintero Bianchi,BAL,RB,14,10.0,11,76
Quintero Bianchi,BAL,RB,15,12.9,11,76
Quintero Bianchi,BAL,RB,16,10.1,11,76
Quintero Bianchi,BAL,RB,17,7.6,11,76
Jespersen Abara,GB,RB,1,6.8,6,93
Jespersen Abara,GB,RB,2,9.4,6,93
Jespersen Abara,GB,RB,3,8.7,6,93
Jespersen Abara,GB,RB,4,5.8,6,93
Jespersen Abara,GB,RB,5,7.6,6,93
Jespersen Abara,GB,RB,7,7.5,6,93
Jespersen Abara,GB,RB,8,10.9,6,93
Jespersen Abara,GB,RB,9,11.1,6,93
Jespersen Abara,GB,RB,10,6.7,6,93
Jespersen Abara,GB,RB,11,10.8,6,93
Jespersen Abara,GB,RB,12,10.7,6,93
Jespersen Abara,GB,RB,13,9.5,6,93
Jespersen Abara,GB,RB,14,10.1,6,93
Jespersen Abara,GB,RB,15,6.2,6,93
Jespersen Abara,GB,RB,16,8.0,6,93
Jespersen Abara,GB,RB,17,7.5,6,93
Cassel Osei,CAR,RB,1,5.7,7,64
Cassel Osei,CAR,RB,2,10.8,7,64
Cassel Osei,CAR,RB,3,11.5,7,64
Cassel Osei,CAR,RB,4,10.0,7,64
Cassel Osei,CAR,RB,5,11.6,7,64
Cassel Osei,CAR,RB,6,6.2,7,64
Cassel Osei,CAR,RB,8,12.2,7,64
Cassel Osei,CAR,RB,9,11.3,7,64
Cassel Osei,CAR,RB,10,10.6,7,64
Cassel Osei,CAR,RB,11,9.4,7,64
Cassel Osei,CAR,RB,12,11.8,7,64
Cassel Osei,CAR,RB,13,9.6,7,64
Cassel Osei,CAR,RB,14,11.0,7,64
Cassel Osei,CAR,RB,15,9.6,7,64
Cassel Osei,CAR,RB,16,6.2,7,64
Cassel Osei,CAR,RB,17,10.5,7,64
Beaumont Montoya,IND,RB,1,7.3,13,91
Beaumont Montoya,IND,RB,2,9.1,13,91
Beaumont Montoya,IND,RB,3,5.9,13,91
Beaumont Montoya,IND,RB,4,9.7,13,91
Beaumont Montoya,IND,RB,5,7.9,13,91
Beaumont Montoya,IND,RB,6,9.9,13,91
Beaumont Montoya,IND,RB,7,5.7,13,91
Beaumont Montoya,IND,RB,8,10.6,13,91
Beaumont Montoya,IND,RB,9,7.9,13,91
Beaumont Montoya,IND,RB,10,11.5,13,91
Beaumont Montoya,IND,RB,11,11.8,13,91
Beaumont Montoya,IND,RB,12,9.3,13,91
Beaumont Montoya,IND,RB,14,10.2,13,91
Beaumont Montoya,IND,RB,15,7.7,13,91
Beaumont Montoya,IND,RB,16,5.3,13,91
Beaumont Montoya,IND,RB,17,7.8,13,91
Mavros Kessling,CIN,RB,1,8.3,11,61
Mavros Kessling,CIN,RB,2,10.9,11,61
Mavros Kessling,CIN,RB,3,8.8,11,61
Mavros Kessling,CIN,RB,4,10.3,11,61
Mavros Kessling,CIN,RB,5,9.2,11,61
Mavros Kessling,CIN,RB,6,10.2,11,61
Mavros Kessling,CIN,RB,7,9.9,11,61
Mavros Kessling,CIN,RB,8,12.2,11,61
Mavros Kessling,CIN,RB,9,11.1,11,61
Mavros Kessling,CIN,RB,10,9.1,11,61
Mavros Kessling,CIN,RB,12,7.9,11,61
Mavros Kessling,CIN,RB,13,9.4,11,61
Mavros Kessling,CIN,RB,14,13.4,11,61
Mavros Kessling,CIN,RB,15,8.7,11,61
Mavros Kessling,CIN,RB,16,13.2,11,61
Mavros Kessling,CIN,RB,17,7.8,11,61
Ivory Fitzhugh,ARI,RB,1,6.7,7,106
Ivory Fitzhugh,ARI,RB,2,6.7,7,106
Ivory Fitzhugh,ARI,RB,3,7.7,7,106
Ivory Fitzhugh,ARI,RB,4,8.5,7,106
Ivory Fitzhugh,ARI,RB,5,5.4,7,106
Ivory Fitzhugh,ARI,RB,6,8.3,7,106
Ivory Fitzhugh,ARI,RB,8,8.7,7,106
Ivory Fitzhugh,ARI,RB,9,8.3,7,106
Ivory Fitzhugh,ARI,RB,10,6.6,7,106
Ivory Fitzhugh,ARI,RB,11,7.4,7,106
Ivory Fitzhugh,ARI,RB,12,5.7,7,106
Ivory Fitzhugh,ARI,RB,13,7.7,7,106
Ivory Fitzhugh,ARI,RB,14,6.7,7,106
Ivory Fitzhugh,ARI,RB,15,8.9,7,106
Ivory Fitzhugh,ARI,RB,16,9.3,7,106
Ivory Fitzhugh,ARI,RB,17,9.5,7,106
Odom Larkspur,TEN,RB,1,9.9,5,58
Odom Larkspur,TEN,RB,2,11.0,5,58
Odom Larkspur,TEN,RB,3,12.2,5,58
Odom Larkspur,TEN,RB,4,11.4,5,58
Odom Larkspur,TEN,RB,6,12.2,5,58
Odom Larkspur,TEN,RB,7,7.5,5,58
Odom Larkspur,TEN,RB,8,8.7,5,58
Odom Larkspur,TEN,RB,9,10.8,5,58
Odom Larkspur,TEN,RB,10,12.7,5,58
Odom Larkspur,TEN,RB,11,10.1,5,58
Odom Larkspur,TEN,RB,12,8.2,5,58
Odom Larkspur,TEN,RB,13,9.2,5,58
Odom Larkspur,TEN,RB,14,8.6,5,58
Odom Larkspur,TEN,RB,15,8.2,5,58
Odom Larkspur,TEN,RB,16,12.8,5,58
Odom Larkspur,TEN,RB,17,8.7,5,58
Quill Villareal,KC,RB,1,5.2,5,136
Quill Villareal,KC,RB,2,6.7,5,136
Quill Villareal,KC,RB,3,7.1,5,136
Quill Villareal,KC,RB,4,7.7,5,136
Quill Villareal,KC,RB,6,7.1,5,136
Quill Villareal,KC,RB,7,6.8,5,136
Quill Villareal,KC,RB,8,2.7,5,136
Quill Villareal,KC,RB,9,5.6,5,136
Quill Villareal,KC,RB,10,7.9,5,136
Quill Villareal,KC,RB,11,8.1,5,136
Quill Villareal,KC,RB,12,5.3,5,136
Quill Villareal,KC,RB,13,5.6,5,136
Quill Villareal,KC,RB,14,4.9,5,136
Quill Villareal,KC,RB,15,4.3,5,136
Quill Villareal,KC,RB,16,7.8,5,136
Quill Villareal,KC,RB,17,8.6,5,136
Marek Villareal,MIA,RB,1,12.7,12,84
Marek Villareal,MIA,RB,2,9.1,12,84
Marek Villareal,MIA,RB,3,8.9,12,84
Marek Villareal,MIA,RB,4,6.8,12,84
Marek Villareal,MIA,RB,5,8.9,12,84
Marek Villareal,MIA,RB,6,6.9,12,84
Marek Villareal,MIA,RB,7,9.1,12,84
Marek Villareal,MIA,RB,8,9.9,12,84
Marek Villareal,MIA,RB,9,9.0,12,84
Marek Villareal,MIA,RB,10,9.5,12,84
Marek Villareal,MIA,RB,11,7.3,12,84
Marek Villareal,MIA,RB,13,11.7,12,84
Marek Villareal,MIA,RB,14,7.7,12,84
Marek Villareal,MIA,RB,15,5.5,12,84
Marek Villareal,MIA,RB,16,8.6,12,84
Marek Villareal,MIA,RB,17,7.5,12,84
Vandergriff Vance,SEA,RB,1,9.9,9,95
Vandergriff Vance,SEA,RB,2,8.3,9,95
Vandergriff Vance,SEA,RB,3,8.9,9,95
Vandergriff Vance,SEA,RB,4,8.4,9,95
Vandergriff Vance,SEA,RB,5,8.5,9,95
Vandergriff Vance,SEA,RB,6,10.0,9,95
Vandergriff Vance,SEA,RB,7,8.4,9,95
Vandergriff Vance,SEA,RB,8,4.0,9,95
Vandergriff Vance,SEA,RB,10,8.6,9,95
Vandergriff Vance,SEA,RB,11,6.9,9,95
Vandergriff Vance,SEA,RB,12,9.9,9,95
Vandergriff Vance,SEA,RB,13,7.4,9,95
Vandergriff Vance,SEA,RB,14,8.9,9,95
Vandergriff Vance,SEA,RB,15,12.8,9,95
Vandergriff Vance,SEA,RB,16,6.6,9,95
Vandergriff Vance,SEA,RB,17,6.5,9,95
Ibarra Thistlewood,TEN,RB,1,9.9,13,89
Ibarra Thistlewood,TEN,RB,2,7.0,13,89
Ibarra Thistlewood,TEN,RB,3,8.3,13,89
Ibarra Thistlewood,TEN,RB,4,6.2,13,89
Ibarra Thistlewood,TEN,RB,5,8.2,13,89
Ibarra Thistlewood,TEN,RB,6,9.9,13,89
Ibarra Thistlewood,TEN,RB,7,8.1,13,89
Ibarra Thistlewood,TEN,RB,8,8.1,13,89
Ibarra Thistlewood,TEN,RB,9,9.6,13,89
Ibarra Thistlewood,TEN,RB,10,8.1,13,89
Ibarra Thistlewood,TEN,RB,11,9.6,13,89
Ibarra Thistlewood,TEN,RB,12,8.8,13,89
Ibarra Thistlewood,TEN,RB,14,10.2,13,89
Ibarra Thistlewood,TEN,RB,15,7.9,13,89
Ibarra Thistlewood,TEN,RB,16,8.9,13,89
Ibarra Thistlewood,TEN,RB,17,9.0,13,89
Jalen Pellegrino,BAL,RB,1,8.5,5,92
Jalen Pellegrino,BAL,RB,2,7.8,5,92
Jalen Pellegrino,BAL,RB,3,7.0,5,92
Jalen Pellegrino,BAL,RB,4,7.5,5,92
Jalen Pellegrino,BAL,RB,6,10.0,5,92
Jalen Pellegrino,BAL,RB,7,5.3,5,92
Jalen Pellegrino,BAL,RB,8,9.1,5,92
Jalen Pellegrino,BAL,RB,9,8.1,5,92
Jalen Pellegrino,BAL,RB,10,11.4,5,92
Jalen Pellegrino,BAL,RB,11,5.4,5,92
Jalen Pellegrino,BAL,RB,12,9.4,5,92
Jalen Pellegrino,BAL,RB,13,8.2,5,92
Jalen Pellegrino,BAL,RB,14,8.8,5,92
Jalen Pellegrino,BAL,RB,15,9.4,5,92
Jalen Pellegrino,BAL,RB,16,12.2,5,92
Jalen Pellegrino,BAL,RB,17,9.3,5,92
Hargrove Ibsen,CHI,RB,1,7.4,6,144
Hargrove Ibsen,CHI,RB,2,4.0,6,144
Hargrove Ibsen,CHI,RB,3,6.2,6,144
Hargrove Ibsen,CHI,RB,4,8.4,6,144
Hargrove Ibsen,CHI,RB,5,6.6,6,144
Hargrove Ibsen,CHI,RB,7,8.5,6,144
Hargrove Ibsen,CHI,RB,8,7.2,6,144
Hargrove Ibsen,CHI,RB,9,6.4,6,144
Hargrove Ibsen,CHI,RB,10,7.0,6,144
Hargrove Ibsen,CHI,RB,11,2.5,6,144
Hargrove Ibsen,CHI,RB,12,7.0,6,144
Hargrove Ibsen,CHI,RB,13,4.1,6,144
Hargrove Ibsen,CHI,RB,14,5.1,6,144
Hargrove Ibsen,CHI,RB,15,6.9,6,144
Hargrove Ibsen,CHI,RB,16,6.6,6,144
Hargrove Ibsen,CHI,RB,17,3.3,6,144
Trelawney Jaramillo,ATL,RB,1,6.5,6,105
Trelawney Jaramillo,ATL,RB,2,4.9,6,105
Trelawney Jaramillo,ATL,RB,3,8.0,6,105
Trelawney Jaramillo,ATL,RB,4,11.0,6,105
Trelawney Jaramillo,ATL,RB,5,10.2,6,105
Trelawney Jaramillo,ATL,RB,7,9.1,6,105
Trelawney Jaramillo,ATL,RB,8,7.3,6,105
Trelawney Jaramillo,ATL,RB,9,7.3,6,105
Trelawney Jaramillo,ATL,RB,10,8.2,6,105
Trelawney Jaramillo,ATL,RB,11,10.3,6,105
Trelawney Jaramillo,ATL,RB,12,7.4,6,105
Trelawney Jaramillo,ATL,RB,13,7.2,6,105
Trelawney Jaramillo,ATL,RB,14,5.0,6,105
Trelawney Jaramillo,ATL,RB,15,7.3,6,105
Trelawney Jaramillo,ATL,RB,16,7.6,6,105
Trelawney Jaramillo,ATL,RB,17,6.0,6,105
Whitlock Thistlewood,WAS,RB,1,8.3,13,126
Whitlock Thistlewood,WAS,RB,2,6.3,13,126
Whitlock Thistlewood,WAS,RB,3,7.5,13,126
Whitlock Thistlewood,WAS,RB,4,9.7,13,126
Whitlock Thistlewood,WAS,RB,5,5.9,13,126
Whitlock Thistlewood,WAS,RB,6,6.8,13,126
Whitlock Thistlewood,WAS,RB,7,6.3,13,126
Whitlock Thistlewood,WAS,RB,8,6.2,13,126
Whitlock Thistlewood,WAS,RB,9,7.5,13,126
Whitlock Thistlewood,WAS,RB,10,3.9,13,126
Whitlock Thistlewood,WAS,RB,11,7.4,13,126
Whitlock Thistlewood,WAS,RB,12,4.2,13,126
Whitlock Thistlewood,WAS,RB,14,5.6,13,126
Whitlock Thistlewood,WAS,RB,15,8.4,13,126
Whitlock Thistlewood,WAS,RB,16,3.6,13,126
Whitlock Thistlewood,WAS,RB,17,9.3,13,126
Quan Villareal,CHI,RB,1,6.4,5,124
Quan Villareal,CHI,RB,2,8.9,5,124
Quan Villareal,CHI,RB,3,5.9,5,124
Quan Villareal,CHI,RB,4,6.7,5,124
Quan Villareal,CHI,RB,6,9.7,5,124
Quan Villareal,CHI,RB,7,6.7,5,124
Quan Villareal,CHI,RB,8,8.0,5,124
Quan Villareal,CHI,RB,9,6.7,5,124
Quan Villareal,CHI,RB,10,4.6,5,124
Quan Villareal,CHI,RB,11,5.4,5,124
Quan Villareal,CHI,RB,12,6.6,5,124
Quan Villareal,CHI,RB,13,6.7,5,124
Quan Villareal,CHI,RB,14,5.0,5,124
Quan Villareal,CHI,RB,15,5.9,5,124
Quan Villareal,CHI,RB,16,8.4,5,124
Quan Villareal,CHI,RB,17,5.5,5,124
Rask Halloway,MIN,RB,1,7.8,12,112
Rask Halloway,MIN,RB,2,9.2,12,112
Rask Halloway,MIN,RB,3,6.5,12,112
Rask Halloway,MIN,RB,4,10.2,12,112
Rask Halloway,MIN,RB,5,7.1,12,112
Rask Halloway,MIN,RB,6,5.7,12,112
Rask Halloway,MIN,RB,7,7.5,12,112
Rask Halloway,MIN,RB,8,11.1,12,112
Rask Halloway,MIN,RB,9,9.1,12,112
Rask Halloway,MIN,RB,10,5.5,12,112
Rask Halloway,MIN,RB,11,7.0,12,112
Rask Halloway,MIN,RB,13,2.7,12,112
Rask Halloway,MIN,RB,14,7.4,12,112
Rask Halloway,MIN,RB,15,5.3,12,112
Rask Halloway,MIN,RB,16,7.0,12,112
Rask Halloway,MIN,RB,17,9.0,12,112
Anders Quezada,HOU,RB,1,5.4,6,131
Anders Quezada,HOU,RB,2,5.1,6,131
Anders Quezada,HOU,RB,3,6.8,6,131
Anders Quezada,HOU,RB,4,7.0,6,131
Anders Quezada,HOU,RB,5,5.6,6,131
Anders Quezada,HOU,RB,7,7.7,6,131
Anders Quezada,HOU,RB,8,6.0,6,131
Anders Quezada,HOU,RB,9,7.1,6,131
Anders Quezada,HOU,RB,10,7.5,6,131
Anders Quezada,HOU,RB,11,5.3,6,131
Anders Quezada,HOU,RB,12,7.8,6,131
Anders Quezada,HOU,RB,13,4.7,6,131
Anders Quezada,HOU,RB,14,9.9,6,131
Anders Quezada,HOU,RB,15,6.4,6,131
Anders Quezada,HOU,RB,16,4.9,6,131
Anders Quezada,HOU,RB,17,6.7,6,131
Gantry Reyes,LV,RB,1,6.3,7,152
Gantry Reyes,LV,RB,2,6.1,7,152
Gantry Reyes,LV,RB,3,6.5,7,152
Gantry Reyes,LV,RB,4,10.1,7,152
Gantry Reyes,LV,RB,5,5.5,7,152
Gantry Reyes,LV,RB,6,3.8,7,152
Gantry Reyes,LV,RB,8,4.1,7,152
Gantry Reyes,LV,RB,9,3.3,7,152
Gantry Reyes,LV,RB,10,4.9,7,152
Gantry Reyes,LV,RB,11,3.9,7,152
Gantry Reyes,LV,RB,12,8.3,7,152
Gantry Reyes,LV,RB,13,4.4,7,152
Gantry Reyes,LV,RB,14,5.1,7,152
Gantry Reyes,LV,RB,15,5.6,7,152
Gantry Reyes,LV,RB,16,6.7,7,152
Gantry Reyes,LV,RB,17,7.2,7,152
Osgood Vance,SEA,RB,1,8.2,6,101
Osgood Vance,SEA,RB,2,10.0,6,101
Osgood Vance,SEA,RB,3,7.8,6,101
Osgood Vance,SEA,RB,4,7.0,6,101
Osgood Vance,SEA,RB,5,9.4,6,101
Osgood Vance,SEA,RB,7,6.3,6,101
Osgood Vance,SEA,RB,8,11.9,6,101
Osgood Vance,SEA,RB,9,8.5,6,101
Osgood Vance,SEA,RB,10,5.3,6,101
Osgood Vance,SEA,RB,11,7.8,6,101
Osgood Vance,SEA,RB,12,10.9,6,101
Osgood Vance,SEA,RB,13,5.2,6,101
Osgood Vance,SEA,RB,14,7.9,6,101
Osgood Vance,SEA,RB,15,8.3,6,101
Osgood Vance,SEA,RB,16,10.1,6,101
Osgood Vance,SEA,RB,17,4.4,6,101
Jace Vance,CIN,RB,1,4.9,13,149
Jace Vance,CIN,RB,2,1.3,13,149
Jace Vance,CIN,RB,3,6.5,13,149
Jace Vance,CIN,RB,4,7.6,13,149
Jace Vance,CIN,RB,5,7.1,13,149
Jace Vance,CIN,RB,6,4.2,13,149
Jace Vance,CIN,RB,7,6.5,13,149
Jace Vance,CIN,RB,8,8.0,13,149
Jace Vance,CIN,RB,9,9.3,13,149
Jace Vance,CIN,RB,10,6.3,13,149
Jace Vance,CIN,RB,11,4.7,13,149
Jace Vance,CIN,RB,12,7.2,13,149
Jace Vance,CIN,RB,14,5.8,13,149
Jace Vance,CIN,RB,15,3.8,13,149
Jace Vance,CIN,RB,16,7.1,13,149
Jace Vance,CIN,RB,17,5.8,13,149
Zephyr Nakamura,CLE,RB,1,5.4,5,133
Zephyr Nakamura,CLE,RB,2,6.4,5,133
Zephyr Nakamura,CLE,RB,3,9.7,5,133
Zephyr Nakamura,CLE,RB,4,7.8,5,133
Zephyr Nakamura,CLE,RB,6,3.9,5,133
Zephyr Nakamura,CLE,RB,7,3.8,5,133
Zephyr Nakamura,CLE,RB,8,5.1,5,133
Zephyr Nakamura,CLE,RB,9,5.4,5,133
Zephyr Nakamura,CLE,RB,10,5.2,5,133
Zephyr Nakamura,CLE,RB,11,7.7,5,133
Zephyr Nakamura,CLE,RB,12,10.8,5,133
Zephyr Nakamura,CLE,RB,13,4.4,5,133
Zephyr Nakamura,CLE,RB,14,10.8,5,133
Zephyr Nakamura,CLE,RB,15,5.7,5,133
Zephyr Nakamura,CLE,RB,16,4.8,5,133
Zephyr Nakamura,CLE,RB,17,6.2,5,133
Xavion Ibsen,CAR,RB,1,7.6,13,140
Xavion Ibsen,CAR,RB,2,6.2,13,140
Xavion Ibsen,CAR,RB,3,5.3,13,140
Xavion Ibsen,CAR,RB,4,4.0,13,140
Xavion Ibsen,CAR,RB,5,7.7,13,140
Xavion Ibsen,CAR,RB,6,5.3,13,140
Xavion Ibsen,CAR,RB,7,10.4,13,140
Xavion Ibsen,CAR,RB,8,7.1,13,140
Xavion Ibsen,CAR,RB,9,5.2,13,140
Xavion Ibsen,CAR,RB,10,4.5,13,140
Xavion Ibsen,CAR,RB,11,3.9,13,140
Xavion Ibsen,CAR,RB,12,7.8,13,140
Xavion Ibsen,CAR,RB,14,7.5,13,140
Xavion Ibsen,CAR,RB,15,10.1,13,140
Xavion Ibsen,CAR,RB,16,5.1,13,140
Xavion Ibsen,CAR,RB,17,2.1,13,140
Lindqvist Reyes,GB,RB,1,5.0,9,142
Lindqvist Reyes,GB,RB,2,4.5,9,142
Lindqvist Reyes,GB,RB,3,3.3,9,142
Lindqvist Reyes,GB,RB,4,6.2,9,142
Lindqvist Reyes,GB,RB,5,9.5,9,142
Lindqvist Reyes,GB,RB,6,8.0,9,142
Lindqvist Reyes,GB,RB,7,6.9,9,142
Lindqvist Reyes,GB,RB,8,7.3,9,142
Lindqvist Reyes,GB,RB,10,5.3,9,142
Lindqvist Reyes,GB,RB,11,6.5,9,142
Lindqvist Reyes,GB,RB,12,4.4,9,142
Lindqvist Reyes,GB,RB,13,5.3,9,142
Lindqvist Reyes,GB,RB,14,8.2,9,142
Lindqvist Reyes,GB,RB,15,5.1,9,142
Lindqvist Reyes,GB,RB,16,4.5,9,142
Lindqvist Reyes,GB,RB,17,8.0,9,142
Brixton Okonkwo,ARI,RB,1,6.3,9,160
Brixton Okonkwo,ARI,RB,2,6.1,9,160
Brixton Okonkwo,ARI,RB,3,5.8,9,160
Brixton Okonkwo,ARI,RB,4,8.8,9,160
Brixton Okonkwo,ARI,RB,5,4.9,9,160
Brixton Okonkwo,ARI,RB,6,6.4,9,160
Brixton Okonkwo,ARI,RB,7,8.3,9,160
Brixton Okonkwo,ARI,RB,8,3.6,9,160
Brixton Okonkwo,ARI,RB,10,7.5,9,160
Brixton Okonkwo,ARI,RB,11,9.0,9,160
Brixton Okonkwo,ARI,RB,12,2.9,9,160
Brixton Okonkwo,ARI,RB,13,3.4,9,160
Brixton Okonkwo,ARI,RB,14,3.5,9,160
Brixton Okonkwo,ARI,RB,15,1.9,9,160
Brixton Okonkwo,ARI,RB,16,6.4,9,160
Brixton Okonkwo,ARI,RB,17,1.9,9,160
Osterman Pellegrino,HOU,RB,1,6.1,8,129
Osterman Pellegrino,HOU,RB,2,4.1,8,129
Osterman Pellegrino,HOU,RB,3,8.0,8,129
Osterman Pellegrino,HOU,RB,4,4.6,8,129
Osterman Pellegrino,HOU,RB,5,6.1,8,129
Osterman Pellegrino,HOU,RB,6,7.6,8,129
Osterman Pellegrino,HOU,RB,7,7.6,8,129
Osterman Pellegrino,HOU,RB,9,7.9,8,129
Osterman Pellegrino,HOU,RB,10,8.2,8,129
Osterman Pellegrino,HOU,RB,11,7.0,8,129
Osterman Pellegrino,HOU,RB,12,7.6,8,129
Osterman Pellegrino,HOU,RB,13,8.0,8,129
Osterman Pellegrino,HOU,RB,14,3.8,8,129
Osterman Pellegrino,HOU,RB,15,6.2,8,129
Osterman Pellegrino,HOU,RB,16,6.3,8,129
Osterman Pellegrino,HOU,RB,17,6.0,8,129
Hollingsworth Pellegrino,MIN,RB,1,5.3,14,165
Hollingsworth Pellegrino,MIN,RB,2,8.0,14,165
Hollingsworth Pellegrino,MIN,RB,3,0.0,14,165
Hollingsworth Pellegrino,MIN,RB,4,9.8,14,165
Hollingsworth Pellegrino,MIN,RB,5,5.4,14,165
Hollingsworth Pellegrino,MIN,RB,6,4.9,14,165
Hollingsworth Pellegrino,MIN,RB,7,4.2,14,165
Hollingsworth Pellegrino,MIN,RB,8,8.1,14,165
Hollingsworth Pellegrino,MIN,RB,9,6.6,14,165
Hollingsworth Pellegrino,MIN,RB,10,6.0,14,165
Hollingsworth Pellegrino,MIN,RB,11,5.4,14,165
Hollingsworth Pellegrino,MIN,RB,12,0.0,14,165
Hollingsworth Pellegrino,MIN,RB,13,6.3,14,165
Hollingsworth Pellegrino,MIN,RB,15,5.2,14,165
Hollingsworth Pellegrino,MIN,RB,16,2.8,14,165
Hollingsworth Pellegrino,MIN,RB,17,6.3,14,165
Ivory Osei,DEN,WR,1,10.5,11,26
Ivory Osei,DEN,WR,2,15.3,11,26
Ivory Osei,DEN,WR,3,11.1,11,26
Ivory Osei,DEN,WR,4,13.9,11,26
Ivory Osei,DEN,WR,5,9.4,11,26
Ivory Osei,DEN,WR,6,11.9,11,26
Ivory Osei,DEN,WR,7,12.8,11,26
Ivory Osei,DEN,WR,8,14.2,11,26
Ivory Osei,DEN,WR,9,10.4,11,26
Ivory Osei,DEN,WR,10,13.4,11,26
Ivory Osei,DEN,WR,12,13.1,11,26
Ivory Osei,DEN,WR,13,11.1,11,26
Ivory Osei,DEN,WR,14,13.2,11,26
Ivory Osei,DEN,WR,15,10.8,11,26
Ivory Osei,DEN,WR,16,11.0,11,26
Ivory Osei,DEN,WR,17,12.3,11,26
Ashford Nakamura,NO,WR,1,12.0,12,15
Ashford Nakamura,NO,WR,2,14.1,12,15
Ashford Nakamura,NO,WR,3,12.1,12,15
Ashford Nakamura,NO,WR,4,15.0,12,15
Ashford Nakamura,NO,WR,5,10.7,12,15
Ashford Nakamura,NO,WR,6,10.5,12,15
Ashford Nakamura,NO,WR,7,15.5,12,15
Ashford Nakamura,NO,WR,8,13.5,12,15
Ashford Nakamura,NO,WR,9,14.4,12,15
Ashford Nakamura,NO,WR,10,11.3,12,15
Ashford Nakamura,NO,WR,11,14.2,12,15
Ashford Nakamura,NO,WR,13,13.2,12,15
Ashford Nakamura,NO,WR,14,13.9,12,15
Ashford Nakamura,NO,WR,15,12.8,12,15
Ashford Nakamura,NO,WR,16,14.9,12,15
Ashford Nakamura,NO,WR,17,11.6,12,15
Quimby Wexford,BUF,WR,1,10.3,13,43
Quimby Wexford,BUF,WR,2,10.5,13,43
Quimby Wexford,BUF,WR,3,11.3,13,43
Quimby Wexford,BUF,WR,4,9.9,13,43
Quimby Wexford,BUF,WR,5,11.6,13,43
Quimby Wexford,BUF,WR,6,11.0,13,43
Quimby Wexford,BUF,WR,7,11.2,13,43
Quimby Wexford,BUF,WR,8,10.4,13,43
Quimby Wexford,BUF,WR,9,12.2,13,43
Quimby Wexford,BUF,WR,10,11.3,13,43
Quimby Wexford,BUF,WR,11,12.3,13,43
Quimby Wexford,BUF,WR,12,12.6,13,43
Quimby Wexford,BUF,WR,14,12.7,13,43
Quimby Wexford,BUF,WR,15,8.3,13,43
Quimby Wexford,BUF,WR,16,11.2,13,43
Quimby Wexford,BUF,WR,17,10.7,13,43
Nolasco Kessling,DAL,WR,1,12.9,9,27
Nolasco Kessling,DAL,WR,2,13.2,9,27
Nolasco Kessling,DAL,WR,3,15.0,9,27
Nolasco Kessling,DAL,WR,4,13.0,9,27
Nolasco Kessling,DAL,WR,5,9.3,9,27
Nolasco Kessling,DAL,WR,6,10.9,9,27
Nolasco Kessling,DAL,WR,7,10.6,9,27
Nolasco Kessling,DAL,WR,8,12.8,9,27
Nolasco Kessling,DAL,WR,10,14.1,9,27
Nolasco Kessling,DAL,WR,11,10.1,9,27
Nolasco Kessling,DAL,WR,12,10.4,9,27
Nolasco Kessling,DAL,WR,13,14.0,9,27
Nolasco Kessling,DAL,WR,14,12.2,9,27
Nolasco Kessling,DAL,WR,15,13.1,9,27
Nolasco Kessling,DAL,WR,16,11.8,9,27
Nolasco Kessling,DAL,WR,17,10.6,9,27
Jespersen Rutkowski,DEN,WR,1,13.4,11,33
Jespersen Rutkowski,DEN,WR,2,12.7,11,33
Jespersen Rutkowski,DEN,WR,3,13.7,11,33
Jespersen Rutkowski,DEN,WR,4,10.2,11,33
Jespersen Rutkowski,DEN,WR,5,11.5,11,33
Jespersen Rutkowski,DEN,WR,6,11.8,11,33
Jespersen Rutkowski,DEN,WR,7,9.2,11,33
Jespersen Rutkowski,DEN,WR,8,7.2,11,33
Jespersen Rutkowski,DEN,WR,9,12.5,11,33
Jespersen Rutkowski,DEN,WR,10,10.8,11,33
Jespersen Rutkowski,DEN,WR,12,13.1,11,33
Jespersen Rutkowski,DEN,WR,13,13.1,11,33
Jespersen Rutkowski,DEN,WR,14,11.3,11,33
Jespersen Rutkowski,DEN,WR,15,13.9,11,33
Jespersen Rutkowski,DEN,WR,16,9.0,11,33
Jespersen Rutkowski,DEN,WR,17,12.6,11,33
Bellweather Rutkowski,BUF,WR,1,14.3,7,25
Bellweather Rutkowski,BUF,WR,2,13.4,7,25
Bellweather Rutkowski,BUF,WR,3,11.6,7,25
Bellweather Rutkowski,BUF,WR,4,10.3,7,25
Bellweather Rutkowski,BUF,WR,5,13.4,7,25
Bellweather Rutkowski,BUF,WR,6,11.6,7,25
Bellweather Rutkowski,BUF,WR,8,14.9,7,25
Bellweather Rutkowski,BUF,WR,9,11.5,7,25
Bellweather Rutkowski,BUF,WR,10,12.4,7,25
Bellweather Rutkowski,BUF,WR,11,12.2,7,25
Bellweather Rutkowski,BUF,WR,12,10.3,7,25
Bellweather Rutkowski,BUF,WR,13,9.5,7,25
Bellweather Rutkowski,BUF,WR,14,13.5,7,25
Bellweather Rutkowski,BUF,WR,15,12.9,7,25
Bellweather Rutkowski,BUF,WR,16,12.0,7,25
Bellweather Rutkowski,BUF,WR,17,11.1,7,25
Paxton Solano,WAS,WR,1,12.4,10,13
Paxton Solano,WAS,WR,2,10.7,10,13
Paxton Solano,WAS,WR,3,15.0,10,13
Paxton Solano,WAS,WR,4,16.6,10,13
Paxton Solano,WAS,WR,5,15.9,10,13
Paxton Solano,WAS,WR,6,15.6,10,13
Paxton Solano,WAS,WR,7,14.3,10,13
Paxton Solano,WAS,WR,8,15.4,10,13
Paxton Solano,WAS,WR,9,9.7,10,13
Paxton Solano,WAS,WR,11,13.1,10,13
Paxton Solano,WAS,WR,12,11.4,10,13
Paxton Solano,WAS,WR,13,13.1,10,13
Paxton Solano,WAS,WR,14,12.7,10,13
Paxton Solano,WAS,WR,15,11.1,10,13
Paxton Solano,WAS,WR,16,12.2,10,13
Paxton Solano,WAS,WR,17,15.1,10,13
Dalton Thistlewood,NE,WR,1,10.9,7,37
Dalton Thistlewood,NE,WR,2,13.3,7,37
Dalton Thistlewood,NE,WR,3,12.8,7,37
Dalton Thistlewood,NE,WR,4,10.4,7,37
Dalton Thistlewood,NE,WR,5,10.6,7,37
Dalton Thistlewood,NE,WR,6,9.4,7,37
Dalton Thistlewood,NE,WR,8,14.1,7,37
Dalton Thistlewood,NE,WR,9,9.6,7,37
Dalton Thistlewood,NE,WR,10,11.5,7,37
Dalton Thistlewood,NE,WR,11,11.6,7,37
Dalton Thistlewood,NE,WR,12,11.4,7,37
Dalton Thistlewood,NE,WR,13,13.4,7,37
Dalton Thistlewood,NE,WR,14,8.8,7,37
Dalton Thistlewood,NE,WR,15,9.9,7,37
Dalton Thistlewood,NE,WR,16,11.9,7,37
Dalton Thistlewood,NE,WR,17,11.2,7,37
Lassiter Vance,DEN,WR,1,13.1,13,35
Lassiter Vance,DEN,WR,2,10.8,13,35
Lassiter Vance,DEN,WR,3,13.6,13,35
Lassiter Vance,DEN,WR,4,12.8,13,35
Lassiter Vance,DEN,WR,5,12.0,13,35
Lassiter Vance,DEN,WR,6,10.6,13,35
Lassiter Vance,DEN,WR,7,11.7,13,35
Lassiter Vance,DEN,WR,8,7.6,13,35
Lassiter Vance,DEN,WR,9,11.9,13,35
Lassiter Vance,DEN,WR,10,14.1,13,35
Lassiter Vance,DEN,WR,11,10.8,13,35
Lassiter Vance,DEN,WR,12,9.9,13,35
Lassiter Vance,DEN,WR,14,12.0,13,35
Lassiter Vance,DEN,WR,15,13.0,13,35
Lassiter Vance,DEN,WR,16,11.7,13,35
Lassiter Vance,DEN,WR,17,8.6,13,35
Blackwood Okonkwo,TB,WR,1,12.1,13,31
Blackwood Okonkwo,TB,WR,2,10.7,13,31
Blackwood Okonkwo,TB,WR,3,8.7,13,31
Blackwood Okonkwo,TB,WR,4,10.1,13,31
Blackwood Okonkwo,TB,WR,5,13.5,13,31
Blackwood Okonkwo,TB,WR,6,10.5,13,31
Blackwood Okonkwo,TB,WR,7,9.6,13,31
Blackwood Okonkwo,TB,WR,8,12.3,13,31
Blackwood Okonkwo,TB,WR,9,12.4,13,31
Blackwood Okonkwo,TB,WR,10,13.0,13,31
Blackwood Okonkwo,TB,WR,11,13.1,13,31
Blackwood Okonkwo,TB,WR,12,14.4,13,31
Blackwood Okonkwo,TB,WR,14,10.5,13,31
Blackwood Okonkwo,TB,WR,15,13.6,13,31
Blackwood Okonkwo,TB,WR,16,10.2,13,31
Blackwood Okonkwo,TB,WR,17,13.1,13,31
Lundy Whitfield,DEN,WR,1,12.5,12,52
Lundy Whitfield,DEN,WR,2,12.1,12,52
Lundy Whitfield,DEN,WR,3,10.8,12,52
Lundy Whitfield,DEN,WR,4,9.5,12,52
Lundy Whitfield,DEN,WR,5,9.2,12,52
Lundy Whitfield,DEN,WR,6,9.6,12,52
Lundy Whitfield,DEN,WR,7,10.2,12,52
Lundy Whitfield,DEN,WR,8,10.5,12,52
Lundy Whitfield,DEN,WR,9,15.7,12,52
Lundy Whitfield,DEN,WR,10,11.6,12,52
Lundy Whitfield,DEN,WR,11,11.9,12,52
Lundy Whitfield,DEN,WR,13,9.0,12,52
Lundy Whitfield,DEN,WR,14,9.3,12,52
Lundy Whitfield,DEN,WR,15,10.0,12,52
Lundy Whitfield,DEN,WR,16,10.9,12,52
Lundy Whitfield,DEN,WR,17,8.7,12,52
Hollis Vance,SF,WR,1,12.0,5,63
Hollis Vance,SF,WR,2,10.2,5,63
Hollis Vance,SF,WR,3,10.8,5,63
Hollis Vance,SF,WR,4,10.4,5,63
Hollis Vance,SF,WR,6,8.4,5,63
Hollis Vance,SF,WR,7,12.3,5,63
Hollis Vance,SF,WR,8,6.9,5,63
Hollis Vance,SF,WR,9,10.6,5,63
Hollis Vance,SF,WR,10,13.1,5,63
Hollis Vance,SF,WR,11,8.2,5,63
Hollis Vance,SF,WR,12,7.8,5,63
Hollis Vance,SF,WR,13,7.3,5,63
Hollis Vance,SF,WR,14,10.1,5,63
Hollis Vance,SF,WR,15,9.6,5,63
Hollis Vance,SF,WR,16,9.8,5,63
Hollis Vance,SF,WR,17,11.5,5,63
Radcliffe Abara,CHI,WR,1,13.0,7,38
Radcliffe Abara,CHI,WR,2,14.4,7,38
Radcliffe Abara,CHI,WR,3,11.8,7,38
Radcliffe Abara,CHI,WR,4,10.5,7,38
Radcliffe Abara,CHI,WR,5,11.8,7,38
Radcliffe Abara,CHI,WR,6,10.8,7,38
Radcliffe Abara,CHI,WR,8,8.3,7,38
Radcliffe Abara,CHI,WR,9,13.6,7,38
Radcliffe Abara,CHI,WR,10,13.3,7,38
Radcliffe Abara,CHI,WR,11,8.6,7,38
Radcliffe Abara,CHI,WR,12,13.5,7,38
Radcliffe Abara,CHI,WR,13,11.4,7,38
Radcliffe Abara,CHI,WR,14,9.9,7,38
Radcliffe Abara,CHI,WR,15,8.1,7,38
Radcliffe Abara,CHI,WR,16,11.1,7,38
Radcliffe Abara,CHI,WR,17,10.5,7,38
Pryce Rutkowski,DEN,WR,1,11.2,5,34
Pryce Rutkowski,DEN,WR,2,10.6,5,34
Pryce Rutkowski,DEN,WR,3,9.4,5,34
Pryce Rutkowski,DEN,WR,4,10.3,5,34
Pryce Rutkowski,DEN,WR,6,13.1,5,34
Pryce Rutkowski,DEN,WR,7,12.8,5,34
Pryce Rutkowski,DEN,WR,8,11.8,5,34
Pryce Rutkowski,DEN,WR,9,12.8,5,34
Pryce Rutkowski,DEN,WR,10,10.8,5,34
Pryce Rutkowski,DEN,WR,11,12.0,5,34
Pryce Rutkowski,DEN,WR,12,12.0,5,34
Pryce Rutkowski,DEN,WR,13,12.9,5,34
Pryce Rutkowski,DEN,WR,14,11.8,5,34
Pryce Rutkowski,DEN,WR,15,11.6,5,34
Pryce Rutkowski,DEN,WR,16,11.7,5,34
Pryce Rutkowski,DEN,WR,17,10.8,5,34
Odom Wexford,BAL,WR,1,8.0,8,66
Odom Wexford,BAL,WR,2,8.0,8,66
Odom Wexford,BAL,WR,3,9.2,8,66
Odom Wexford,BAL,WR,4,6.2,8,66
Odom Wexford,BAL,WR,5,13.0,8,66
Odom Wexford,BAL,WR,6,8.2,8,66
Odom Wexford,BAL,WR,7,8.9,8,66
Odom Wexford,BAL,WR,9,9.4,8,66
Odom Wexford,BAL,WR,10,13.4,8,66
Odom Wexford,BAL,WR,11,11.3,8,66
Odom Wexford,BAL,WR,12,8.6,8,66
Odom Wexford,BAL,WR,13,10.3,8,66
Odom Wexford,BAL,WR,14,10.4,8,66
Odom Wexford,BAL,WR,15,10.3,8,66
Odom Wexford,BAL,WR,16,7.8,8,66
Odom Wexford,BAL,WR,17,11.7,8,66
Dunleavy Kessling,GB,WR,1,11.2,7,62
Dunleavy Kessling,GB,WR,2,11.6,7,62
Dunleavy Kessling,GB,WR,3,10.2,7,62
Dunleavy Kessling,GB,WR,4,10.6,7,62
Dunleavy Kessling,GB,WR,5,8.8,7,62
Dunleavy Kessling,GB,WR,6,9.5,7,62
Dunleavy Kessling,GB,WR,8,10.6,7,62
Dunleavy Kessling,GB,WR,9,8.9,7,62
Dunleavy Kessling,GB,WR,10,11.7,7,62
Dunleavy Kessling,GB,WR,11,11.4,7,62
Dunleavy Kessling,GB,WR,12,9.2,7,62
Dunleavy Kessling,GB,WR,13,10.3,7,62
Dunleavy Kessling,GB,WR,14,7.7,7,62
Dunleavy Kessling,GB,WR,15,10.0,7,62
Dunleavy Kessling,GB,WR,16,11.1,7,62
Dunleavy Kessling,GB,WR,17,6.3,7,62
Hargrove Bianchi,TEN,WR,1,12.8,9,42
Hargrove Bianchi,TEN,WR,2,10.7,9,42
Hargrove Bianchi,TEN,WR,3,10.9,9,42
Hargrove Bianchi,TEN,WR,4,12.3,9,42
Hargrove Bianchi,TEN,WR,5,11.1,9,42
Hargrove Bianchi,TEN,WR,6,12.7,9,42
Hargrove Bianchi,TEN,WR,7,10.1,9,42
Hargrove Bianchi,TEN,WR,8,11.5,9,42
Hargrove Bianchi,TEN,WR,10,13.4,9,42
Hargrove Bianchi,TEN,WR,11,6.8,9,42
Hargrove Bianchi,TEN,WR,12,12.5,9,42
Hargrove Bianchi,TEN,WR,13,13.0,9,42
Hargrove Bianchi,TEN,WR,14,9.1,9,42
Hargrove Bianchi,TEN,WR,15,11.7,9,42
Hargrove Bianchi,TEN,WR,16,9.1,9,42
Hargrove Bianchi,TEN,WR,17,10.9,9,42
Vann Kirkland,LV,WR,1,7.6,11,85
Vann Kirkland,LV,WR,2,9.5,11,85
Vann Kirkland,LV,WR,3,10.2,11,85
Vann Kirkland,LV,WR,4,11.8,11,85
Vann Kirkland,LV,WR,5,7.5,11,85
Vann Kirkland,LV,WR,6,8.6,11,85
Vann Kirkland,LV,WR,7,9.8,11,85
Vann Kirkland,LV,WR,8,10.9,11,85
Vann Kirkland,LV,WR,9,10.5,11,85
Vann Kirkland,LV,WR,10,5.5,11,85
Vann Kirkland,LV,WR,12,8.4,11,85
Vann Kirkland,LV,WR,13,5.8,11,85
Vann Kirkland,LV,WR,14,9.2,11,85
Vann Kirkland,LV,WR,15,9.6,11,85
Vann Kirkland,LV,WR,16,7.6,11,85
Vann Kirkland,LV,WR,17,6.6,11,85
Mabry Osei,HOU,WR,1,8.5,5,83
Mabry Osei,HOU,WR,2,6.9,5,83
Mabry Osei,HOU,WR,3,8.6,5,83
Mabry Osei,HOU,WR,4,8.1,5,83
Mabry Osei,HOU,WR,6,9.3,5,83
Mabry Osei,HOU,WR,7,7.2,5,83
Mabry Osei,HOU,WR,8,10.6,5,83
Mabry Osei,HOU,WR,9,5.8,5,83
Mabry Osei,HOU,WR,10,8.4,5,83
Mabry Osei,HOU,WR,11,8.7,5,83
Mabry Osei,HOU,WR,12,10.4,5,83
Mabry Osei,HOU,WR,13,7.7,5,83
Mabry Osei,HOU,WR,14,9.7,5,83
Mabry Osei,HOU,WR,15,7.7,5,83
Mabry Osei,HOU,WR,16,10.0,5,83
Mabry Osei,HOU,WR,17,11.8,5,83
Jace Delgado,NYG,WR,1,11.2,10,48
Jace Delgado,NYG,WR,2,8.9,10,48
Jace Delgado,NYG,WR,3,14.3,10,48
Jace Delgado,NYG,WR,4,8.2,10,48
Jace Delgado,NYG,WR,5,11.6,10,48
Jace Delgado,NYG,WR,6,10.8,10,48
Jace Delgado,NYG,WR,7,10.2,10,48
Jace Delgado,NYG,WR,8,13.4,10,48
Jace Delgado,NYG,WR,9,12.7,10,48
Jace Delgado,NYG,WR,11,8.5,10,48
Jace Delgado,NYG,WR,12,11.7,10,48
Jace Delgado,NYG,WR,13,8.4,10,48
Jace Delgado,NYG,WR,14,11.3,10,48
Jace Delgado,NYG,WR,15,9.3,10,48
Jace Delgado,NYG,WR,16,12.3,10,48
Jace Delgado,NYG,WR,17,11.9,10,48
Thackeray Reyes,SF,WR,1,11.6,13,49
Thackeray Reyes,SF,WR,2,11.7,13,49
Thackeray Reyes,SF,WR,3,12.8,13,49
Thackeray Reyes,SF,WR,4,12.0,13,49
Thackeray Reyes,SF,WR,5,11.5,13,49
Thackeray Reyes,SF,WR,6,12.0,13,49
Thackeray Reyes,SF,WR,7,6.6,13,49
Thackeray Reyes,SF,WR,8,9.2,13,49
Thackeray Reyes,SF,WR,9,14.7,13,49
Thackeray Reyes,SF,WR,10,11.2,13,49
Thackeray Reyes,SF,WR,11,10.6,13,49
Thackeray Reyes,SF,WR,12,9.4,13,49
Thackeray Reyes,SF,WR,14,12.0,13,49
Thackeray Reyes,SF,WR,15,8.6,13,49
Thackeray Reyes,SF,WR,16,9.5,13,49
Thackeray Reyes,SF,WR,17,11.0,13,49
Adair Kirkland,SF,WR,1,11.2,6,60
Adair Kirkland,SF,WR,2,10.6,6,60
Adair Kirkland,SF,WR,3,8.3,6,60
Adair Kirkland,SF,WR,4,10.4,6,60
Adair Kirkland,SF,WR,5,10.2,6,60
Adair Kirkland,SF,WR,7,11.2,6,60
Adair Kirkland,SF,WR,8,9.6,6,60
Adair Kirkland,SF,WR,9,10.9,6,60
Adair Kirkland,SF,WR,10,7.4,6,60
Adair Kirkland,SF,WR,11,8.4,6,60
Adair Kirkland,SF,WR,12,11.7,6,60
Adair Kirkland,SF,WR,13,12.2,6,60
Adair Kirkland,SF,WR,14,10.3,6,60
Adair Kirkland,SF,WR,15,9.3,6,60
Adair Kirkland,SF,WR,16,12.2,6,60
Adair Kirkland,SF,WR,17,6.7,6,60
Prescott Montoya,NYJ,WR,1,6.4,14,69
Prescott Montoya,NYJ,WR,2,12.2,14,69
Prescott Montoya,NYJ,WR,3,9.9,14,69
Prescott Montoya,NYJ,WR,4,8.1,14,69
Prescott Montoya,NYJ,WR,5,9.8,14,69
Prescott Montoya,NYJ,WR,6,11.2,14,69
Prescott Montoya,NYJ,WR,7,5.1,14,69
Prescott Montoya,NYJ,WR,8,11.6,14,69
Prescott Montoya,NYJ,WR,9,11.0,14,69
Prescott Montoya,NYJ,WR,10,6.0,14,69
Prescott Montoya,NYJ,WR,11,11.0,14,69
Prescott Montoya,NYJ,WR,12,6.5,14,69
Prescott Montoya,NYJ,WR,13,11.7,14,69
Prescott Montoya,NYJ,WR,15,10.4,14,69
Prescott Montoya,NYJ,WR,16,13.6,14,69
Prescott Montoya,NYJ,WR,17,8.6,14,69
Quan Obrecht,KC,WR,1,8.4,5,77
Quan Obrecht,KC,WR,2,8.9,5,77
Quan Obrecht,KC,WR,3,7.2,5,77
Quan Obrecht,KC,WR,4,9.9,5,77
Quan Obrecht,KC,WR,6,10.0,5,77
Quan Obrecht,KC,WR,7,9.2,5,77
Quan Obrecht,KC,WR,8,12.0,5,77
Quan Obrecht,KC,WR,9,8.5,5,77
Quan Obrecht,KC,WR,10,11.3,5,77
Quan Obrecht,KC,WR,11,8.1,5,77
Quan Obrecht,KC,WR,12,10.4,5,77
Quan Obrecht,KC,WR,13,5.7,5,77
Quan Obrecht,KC,WR,14,9.4,5,77
Quan Obrecht,KC,WR,15,8.8,5,77
Quan Obrecht,KC,WR,16,8.2,5,77
Quan Obrecht,KC,WR,17,8.0,5,77
Blackwood Salazar,LAR,WR,1,9.7,5,73
Blackwood Salazar,LAR,WR,2,11.8,5,73
Blackwood Salazar,LAR,WR,3,5.8,5,73
Blackwood Salazar,LAR,WR,4,11.5,5,73
Blackwood Salazar,LAR,WR,6,9.4,5,73
Blackwood Salazar,LAR,WR,7,11.2,5,73
Blackwood Salazar,LAR,WR,8,9.2,5,73
Blackwood Salazar,LAR,WR,9,9.0,5,73
Blackwood Salazar,LAR,WR,10,6.1,5,73
Blackwood Salazar,LAR,WR,11,7.3,5,73
Blackwood Salazar,LAR,WR,12,8.3,5,73
Blackwood Salazar,LAR,WR,13,9.6,5,73
Blackwood Salazar,LAR,WR,14,7.6,5,73
Blackwood Salazar,LAR,WR,15,10.2,5,73
Blackwood Salazar,LAR,WR,16,10.3,5,73
Blackwood Salazar,LAR,WR,17,10.4,5,73
Jettison Wexford,DAL,WR,1,9.1,11,72
Jettison Wexford,DAL,WR,2,12.3,11,72
Jettison Wexford,DAL,WR,3,9.4,11,72
Jettison Wexford,DAL,WR,4,8.0,11,72
Jettison Wexford,DAL,WR,5,6.9,11,72
Jettison Wexford,DAL,WR,6,10.2,11,72
Jettison Wexford,DAL,WR,7,9.8,11,72
Jettison Wexford,DAL,WR,8,11.2,11,72
Jettison Wexford,DAL,WR,9,7.9,11,72
Jettison Wexford,DAL,WR,10,9.0,11,72
Jettison Wexford,DAL,WR,12,10.6,11,72
Jettison Wexford,DAL,WR,13,8.5,11,72
Jettison Wexford,DAL,WR,14,6.3,11,72
Jettison Wexford,DAL,WR,15,9.9,11,72
Jettison Wexford,DAL,WR,16,11.0,11,72
Jettison Wexford,DAL,WR,17,9.8,11,72
Thackeray Kessling,HOU,WR,1,7.4,11,47
Thackeray Kessling,HOU,WR,2,13.0,11,47
Thackeray Kessling,HOU,WR,3,12.8,11,47
Thackeray Kessling,HOU,WR,4,14.2,11,47
Thackeray Kessling,HOU,WR,5,9.9,11,47
Thackeray Kessling,HOU,WR,6,11.9,11,47
Thackeray Kessling,HOU,WR,7,10.1,11,47
Thackeray Kessling,HOU,WR,8,14.1,11,47
Thackeray Kessling,HOU,WR,9,10.7,11,47
Thackeray Kessling,HOU,WR,10,11.1,11,47
Thackeray Kessling,HOU,WR,12,12.7,11,47
Thackeray Kessling,HOU,WR,13,10.9,11,47
Thackeray Kessling,HOU,WR,14,9.3,11,47
Thackeray Kessling,HOU,WR,15,9.5,11,47
Thackeray Kessling,HOU,WR,16,9.4,11,47
Thackeray Kessling,HOU,WR,17,8.8,11,47
Yarrow Quezada,SF,WR,1,11.7,6,57
Yarrow Quezada,SF,WR,2,8.9,6,57
Yarrow Quezada,SF,WR,3,10.8,6,57
Yarrow Quezada,SF,WR,4,8.4,6,57
Yarrow Quezada,SF,WR,5,8.6,6,57
Yarrow Quezada,SF,WR,7,8.3,6,57
Yarrow Quezada,SF,WR,8,9.8,6,57
Yarrow Quezada,SF,WR,9,11.4,6,57
Yarrow Quezada,SF,WR,10,8.5,6,57
Yarrow Quezada,SF,WR,11,12.4,6,57
Yarrow Quezada,SF,WR,12,11.9,6,57
Yarrow Quezada,SF,WR,13,11.0,6,57
Yarrow Quezada,SF,WR,14,14.2,6,57
Yarrow Quezada,SF,WR,15,6.4,6,57
Yarrow Quezada,SF,WR,16,8.8,6,57
Yarrow Quezada,SF,WR,17,11.5,6,57
Norwood Uzoma,DAL,WR,1,7.7,6,135
Norwood Uzoma,DAL,WR,2,5.1,6,135
Norwood Uzoma,DAL,WR,3,2.9,6,135
Norwood Uzoma,DAL,WR,4,7.5,6,135
Norwood Uzoma,DAL,WR,5,5.8,6,135
Norwood Uzoma,DAL,WR,7,6.6,6,135
Norwood Uzoma,DAL,WR,8,8.2,6,135
Norwood Uzoma,DAL,WR,9,4.0,6,135
Norwood Uzoma,DAL,WR,10,6.1,6,135
Norwood Uzoma,DAL,WR,11,6.4,6,135
Norwood Uzoma,DAL,WR,12,5.6,6,135
Norwood Uzoma,DAL,WR,13,8.0,6,135
Norwood Uzoma,DAL,WR,14,7.2,6,135
Norwood Uzoma,DAL,WR,15,6.0,6,135
Norwood Uzoma,DAL,WR,16,5.7,6,135
Norwood Uzoma,DAL,WR,17,8.8,6,135
Quintero Reyes,NYJ,WR,1,7.8,12,80
Quintero Reyes,NYJ,WR,2,10.5,12,80
Quintero Reyes,NYJ,WR,3,9.1,12,80
Quintero Reyes,NYJ,WR,4,6.7,12,80
Quintero Reyes,NYJ,WR,5,7.5,12,80
Quintero Reyes,NYJ,WR,6,9.3,12,80
Quintero Reyes,NYJ,WR,7,9.1,12,80
Quintero Reyes,NYJ,WR,8,7.0,12,80
Quintero Reyes,NYJ,WR,9,10.8,12,80
Quintero Reyes,NYJ,WR,10,8.0,12,80
Quintero Reyes,NYJ,WR,11,8.5,12,80
Quintero Reyes,NYJ,WR,13,10.0,12,80
Quintero Reyes,NYJ,WR,14,12.1,12,80
Quintero Reyes,NYJ,WR,15,7.8,12,80
Quintero Reyes,NYJ,WR,16,8.8,12,80
Quintero Reyes,NYJ,WR,17,8.3,12,80
Pemberton Marchetti,LAC,WR,1,3.4,13,81
Pemberton Marchetti,LAC,WR,2,8.0,13,81
Pemberton Marchetti,LAC,WR,3,7.4,13,81
Pemberton Marchetti,LAC,WR,4,9.3,13,81
Pemberton Marchetti,LAC,WR,5,8.8,13,81
Pemberton Marchetti,LAC,WR,6,7.9,13,81
Pemberton Marchetti,LAC,WR,7,8.0,13,81
Pemberton Marchetti,LAC,WR,8,11.4,13,81
Pemberton Marchetti,LAC,WR,9,7.0,13,81
Pemberton Marchetti,LAC,WR,10,12.9,13,81
Pemberton Marchetti,LAC,WR,11,8.6,13,81
Pemberton Marchetti,LAC,WR,12,7.6,13,81
Pemberton Marchetti,LAC,WR,14,10.9,13,81
Pemberton Marchetti,LAC,WR,15,10.5,13,81
Pemberton Marchetti,LAC,WR,16,7.7,13,81
Pemberton Marchetti,LAC,WR,17,10.8,13,81
Weiss Trentino,DEN,WR,1,8.7,12,97
Weiss Trentino,DEN,WR,2,4.6,12,97
Weiss Trentino,DEN,WR,3,6.0,12,97
Weiss Trentino,DEN,WR,4,6.9,12,97
Weiss Trentino,DEN,WR,5,8.3,12,97
Weiss Trentino,DEN,WR,6,7.5,12,97
Weiss Trentino,DEN,WR,7,7.2,12,97
Weiss Trentino,DEN,WR,8,9.6,12,97
Weiss Trentino,DEN,WR,9,9.6,12,97
Weiss Trentino,DEN,WR,10,9.0,12,97
Weiss Trentino,DEN,WR,11,9.4,12,97
Weiss Trentino,DEN,WR,13,10.6,12,97
Weiss Trentino,DEN,WR,14,7.8,12,97
Weiss Trentino,DEN,WR,15,9.8,12,97
Weiss Trentino,DEN,WR,16,10.2,12,97
Weiss Trentino,DEN,WR,17,7.5,12,97
Odom Jaramillo,PIT,WR,1,10.4,9,74
Odom Jaramillo,PIT,WR,2,13.0,9,74
Odom Jaramillo,PIT,WR,3,8.9,9,74
Odom Jaramillo,PIT,WR,4,9.8,9,74
Odom Jaramillo,PIT,WR,5,8.7,9,74
Odom Jaramillo,PIT,WR,6,9.1,9,74
Odom Jaramillo,PIT,WR,7,7.2,9,74
Odom Jaramillo,PIT,WR,8,8.4,9,74
Odom Jaramillo,PIT,WR,10,9.0,9,74
Odom Jaramillo,PIT,WR,11,6.8,9,74
Odom Jaramillo,PIT,WR,12,9.6,9,74
Odom Jaramillo,PIT,WR,13,9.4,9,74
Odom Jaramillo,PIT,WR,14,8.9,9,74
Odom Jaramillo,PIT,WR,15,7.3,9,74
Odom Jaramillo,PIT,WR,16,11.0,9,74
Odom Jaramillo,PIT,WR,17,8.6,9,74
Dalton Obrecht,CIN,WR,1,5.2,5,121
Dalton Obrecht,CIN,WR,2,7.5,5,121
Dalton Obrecht,CIN,WR,3,7.2,5,121
Dalton Obrecht,CIN,WR,4,10.0,5,121
Dalton Obrecht,CIN,WR,6,1.6,5,121
Dalton Obrecht,CIN,WR,7,6.3,5,121
Dalton Obrecht,CIN,WR,8,5.9,5,121
Dalton Obrecht,CIN,WR,9,6.6,5,121
Dalton Obrecht,CIN,WR,10,8.2,5,121
Dalton Obrecht,CIN,WR,11,8.2,5,121
Dalton Obrecht,CIN,WR,12,7.5,5,121
Dalton Obrecht,CIN,WR,13,6.6,5,121
Dalton Obrecht,CIN,WR,14,8.3,5,121
Dalton Obrecht,CIN,WR,15,8.1,5,121
Dalton Obrecht,CIN,WR,16,4.2,5,121
Dalton Obrecht,CIN,WR,17,7.0,5,121
Paxton Nakamura,SEA,WR,1,8.0,5,75
Paxton Nakamura,SEA,WR,2,8.3,5,75
Paxton Nakamura,SEA,WR,3,8.9,5,75
Paxton Nakamura,SEA,WR,4,10.2,5,75
Paxton Nakamura,SEA,WR,6,11.2,5,75
Paxton Nakamura,SEA,WR,7,9.3,5,75
Paxton Nakamura,SEA,WR,8,11.5,5,75
Paxton Nakamura,SEA,WR,9,5.5,5,75
Paxton Nakamura,SEA,WR,10,9.9,5,75
Paxton Nakamura,SEA,WR,11,9.3,5,75
Paxton Nakamura,SEA,WR,12,8.6,5,75
Paxton Nakamura,SEA,WR,13,8.6,5,75
Paxton Nakamura,SEA,WR,14,9.1,5,75
Paxton Nakamura,SEA,WR,15,10.5,5,75
Paxton Nakamura,SEA,WR,16,8.9,5,75
Paxton Nakamura,SEA,WR,17,8.3,5,75
Jarrah Fitzhugh,BUF,WR,1,9.9,8,132
Jarrah Fitzhugh,BUF,WR,2,5.3,8,132
Jarrah Fitzhugh,BUF,WR,3,5.3,8,132
Jarrah Fitzhugh,BUF,WR,4,10.2,8,132
Jarrah Fitzhugh,BUF,WR,5,7.4,8,132
Jarrah Fitzhugh,BUF,WR,6,5.4,8,132
Jarrah Fitzhugh,BUF,WR,7,3.2,8,132
Jarrah Fitzhugh,BUF,WR,9,4.1,8,132
Jarrah Fitzhugh,BUF,WR,10,2.5,8,132
Jarrah Fitzhugh,BUF,WR,11,6.9,8,132
Jarrah Fitzhugh,BUF,WR,12,6.9,8,132
Jarrah Fitzhugh,BUF,WR,13,8.5,8,132
Jarrah Fitzhugh,BUF,WR,14,6.5,8,132
Jarrah Fitzhugh,BUF,WR,15,5.6,8,132
Jarrah Fitzhugh,BUF,WR,16,5.5,8,132
Jarrah Fitzhugh,BUF,WR,17,10.1,8,132
Foss Salazar,WAS,WR,1,7.6,8,111
Foss Salazar,WAS,WR,2,8.3,8,111
Foss Salazar,WAS,WR,3,10.4,8,111
Foss Salazar,WAS,WR,4,7.0,8,111
Foss Salazar,WAS,WR,5,5.5,8,111
Foss Salazar,WAS,WR,6,7.8,8,111
Foss Salazar,WAS,WR,7,5.0,8,111
Foss Salazar,WAS,WR,9,9.9,8,111
Foss Salazar,WAS,WR,10,5.5,8,111
Foss Salazar,WAS,WR,11,9.0,8,111
Foss Salazar,WAS,WR,12,8.6,8,111
Foss Salazar,WAS,WR,13,6.4,8,111
Foss Salazar,WAS,WR,14,8.7,8,111
Foss Salazar,WAS,WR,15,5.6,8,111
Foss Salazar,WAS,WR,16,5.3,8,111
Foss Salazar,WAS,WR,17,8.1,8,111
Ives Trentino,NO,WR,1,10.4,5,108
Ives Trentino,NO,WR,2,7.8,5,108
Ives Trentino,NO,WR,3,7.3,5,108
Ives Trentino,NO,WR,4,8.2,5,108
Ives Trentino,NO,WR,6,8.0,5,108
Ives Trentino,NO,WR,7,9.3,5,108
Ives Trentino,NO,WR,8,7.8,5,108
Ives Trentino,NO,WR,9,5.1,5,108
Ives Trentino,NO,WR,10,4.2,5,108
Ives Trentino,NO,WR,11,7.9,5,108
Ives Trentino,NO,WR,12,7.4,5,108
Ives Trentino,NO,WR,13,8.9,5,108
Ives Trentino,NO,WR,14,7.6,5,108
Ives Trentino,NO,WR,15,9.0,5,108
Ives Trentino,NO,WR,16,5.7,5,108
Ives Trentino,NO,WR,17,5.6,5,108
Jespersen Jaramillo,MIA,WR,1,6.1,8,120
Jespersen Jaramillo,MIA,WR,2,7.3,8,120
Jespersen Jaramillo,MIA,WR,3,6.6,8,120
Jespersen Jaramillo,MIA,WR,4,5.7,8,120
Jespersen Jaramillo,MIA,WR,5,8.9,8,120
Jespersen Jaramillo,MIA,WR,6,5.6,8,120
Jespersen Jaramillo,MIA,WR,7,6.1,8,120
Jespersen Jaramillo,MIA,WR,9,8.0,8,120
Jespersen Jaramillo,MIA,WR,10,6.1,8,120
Jespersen Jaramillo,MIA,WR,11,6.2,8,120
Jespersen Jaramillo,MIA,WR,12,7.6,8,120
Jespersen Jaramillo,MIA,WR,13,6.4,8,120
Jespersen Jaramillo,MIA,WR,14,4.8,8,120
Jespersen Jaramillo,MIA,WR,15,6.8,8,120
Jespersen Jaramillo,MIA,WR,16,6.6,8,120
Jespersen Jaramillo,MIA,WR,17,10.0,8,120
Hutch Obrecht,NYJ,WR,1,9.4,14,122
Hutch Obrecht,NYJ,WR,2,6.9,14,122
Hutch Obrecht,NYJ,WR,3,5.6,14,122
Hutch Obrecht,NYJ,WR,4,3.8,14,122
Hutch Obrecht,NYJ,WR,5,6.8,14,122
Hutch Obrecht,NYJ,WR,6,7.8,14,122
Hutch Obrecht,NYJ,WR,7,7.2,14,122
Hutch Obrecht,NYJ,WR,8,6.2,14,122
Hutch Obrecht,NYJ,WR,9,9.4,14,122
Hutch Obrecht,NYJ,WR,10,5.0,14,122
Hutch Obrecht,NYJ,WR,11,6.7,14,122
Hutch Obrecht,NYJ,WR,12,5.5,14,122
Hutch Obrecht,NYJ,WR,13,6.5,14,122
Hutch Obrecht,NYJ,WR,15,5.9,14,122
Hutch Obrecht,NYJ,WR,16,5.9,14,122
Hutch Obrecht,NYJ,WR,17,9.8,14,122
Grayling Kirkland,PHI,WR,1,6.2,11,104
Grayling Kirkland,PHI,WR,2,9.2,11,104
Grayling Kirkland,PHI,WR,3,6.2,11,104
Grayling Kirkland,PHI,WR,4,6.1,11,104
Grayling Kirkland,PHI,WR,5,9.6,11,104
Grayling Kirkland,PHI,WR,6,8.2,11,104
Grayling Kirkland,PHI,WR,7,6.5,11,104
Grayling Kirkland,PHI,WR,8,11.0,11,104
Grayling Kirkland,PHI,WR,9,7.3,11,104
Grayling Kirkland,PHI,WR,10,5.2,11,104
Grayling Kirkland,PHI,WR,12,11.3,11,104
Grayling Kirkland,PHI,WR,13,9.1,11,104
Grayling Kirkland,PHI,WR,14,1.1,11,104
Grayling Kirkland,PHI,WR,15,10.4,11,104
Grayling Kirkland,PHI,WR,16,5.5,11,104
Grayling Kirkland,PHI,WR,17,10.9,11,104
Ulric Marchetti,CIN,WR,1,5.8,6,158
Ulric Marchetti,CIN,WR,2,6.0,6,158
Ulric Marchetti,CIN,WR,3,6.0,6,158
Ulric Marchetti,CIN,WR,4,5.2,6,158
Ulric Marchetti,CIN,WR,5,5.4,6,158
Ulric Marchetti,CIN,WR,7,5.6,6,158
Ulric Marchetti,CIN,WR,8,6.8,6,158
Ulric Marchetti,CIN,WR,9,5.8,6,158
Ulric Marchetti,CIN,WR,10,6.6,6,158
Ulric Marchetti,CIN,WR,11,4.6,6,158
Ulric Marchetti,CIN,WR,12,3.9,6,158
Ulric Marchetti,CIN,WR,13,3.8,6,158
Ulric Marchetti,CIN,WR,14,5.6,6,158
Ulric Marchetti,CIN,WR,15,6.3,6,158
Ulric Marchetti,CIN,WR,16,4.7,6,158
Ulric Marchetti,CIN,WR,17,6.8,6,158
Ximena Wexford,SEA,WR,1,6.4,5,153
Ximena Wexford,SEA,WR,2,3.7,5,153
Ximena Wexford,SEA,WR,3,9.1,5,153
Ximena Wexford,SEA,WR,4,4.1,5,153
Ximena Wexford,SEA,WR,6,3.9,5,153
Ximena Wexford,SEA,WR,7,4.8,5,153
Ximena Wexford,SEA,WR,8,8.8,5,153
Ximena Wexford,SEA,WR,9,5.8,5,153
Ximena Wexford,SEA,WR,10,7.7,5,153
Ximena Wexford,SEA,WR,11,6.6,5,153
Ximena Wexford,SEA,WR,12,6.5,5,153
Ximena Wexford,SEA,WR,13,4.6,5,153
Ximena Wexford,SEA,WR,14,7.8,5,153
Ximena Wexford,SEA,WR,15,5.3,5,153
Ximena Wexford,SEA,WR,16,6.0,5,153
Ximena Wexford,SEA,WR,17,0.0,5,153
Farley Jaramillo,JAX,WR,1,8.6,6,137
Farley Jaramillo,JAX,WR,2,6.2,6,137
Farley Jaramillo,JAX,WR,3,5.7,6,137
Farley Jaramillo,JAX,WR,4,8.6,6,137
Farley Jaramillo,JAX,WR,5,5.6,6,137
Farley Jaramillo,JAX,WR,7,3.7,6,137
Farley Jaramillo,JAX,WR,8,5.4,6,137
Farley Jaramillo,JAX,WR,9,5.3,6,137
Farley Jaramillo,JAX,WR,10,6.3,6,137
Farley Jaramillo,JAX,WR,11,5.8,6,137
Farley Jaramillo,JAX,WR,12,5.2,6,137
Farley Jaramillo,JAX,WR,13,3.8,6,137
Farley Jaramillo,JAX,WR,14,7.2,6,137
Farley Jaramillo,JAX,WR,15,4.8,6,137
Farley Jaramillo,JAX,WR,16,8.4,6,137
Farley Jaramillo,JAX,WR,17,10.8,6,137
Solis Kessling,LAC,WR,1,7.1,7,87
Solis Kessling,LAC,WR,2,6.9,7,87
Solis Kessling,LAC,WR,3,8.6,7,87
Solis Kessling,LAC,WR,4,9.2,7,87
Solis Kessling,LAC,WR,5,7.4,7,87
Solis Kessling,LAC,WR,6,10.0,7,87
Solis Kessling,LAC,WR,8,9.0,7,87
Solis Kessling,LAC,WR,9,10.0,7,87
Solis Kessling,LAC,WR,10,10.4,7,87
Solis Kessling,LAC,WR,11,10.6,7,87
Solis Kessling,LAC,WR,12,7.9,7,87
Solis Kessling,LAC,WR,13,7.4,7,87
Solis Kessling,LAC,WR,14,8.7,7,87
Solis Kessling,LAC,WR,15,10.7,7,87
Solis Kessling,LAC,WR,16,4.7,7,87
Solis Kessling,LAC,WR,17,10.0,7,87
Kessler Larkspur,NO,WR,1,7.5,7,82
Kessler Larkspur,NO,WR,2,9.8,7,82
Kessler Larkspur,NO,WR,3,8.7,7,82
Kessler Larkspur,NO,WR,4,8.6,7,82
Kessler Larkspur,NO,WR,5,9.8,7,82
Kessler Larkspur,NO,WR,6,6.4,7,82
Kessler Larkspur,NO,WR,8,10.1,7,82
Kessler Larkspur,NO,WR,9,11.3,7,82
Kessler Larkspur,NO,WR,10,8.3,7,82
Kessler Larkspur,NO,WR,11,5.8,7,82
Kessler Larkspur,NO,WR,12,8.0,7,82
Kessler Larkspur,NO,WR,13,9.9,7,82
Kessler Larkspur,NO,WR,14,9.3,7,82
Kessler Larkspur,NO,WR,15,7.5,7,82
Kessler Larkspur,NO,WR,16,10.9,7,82
Kessler Larkspur,NO,WR,17,8.3,7,82
Yancy Bianchi,MIA,WR,1,8.0,9,125
Yancy Bianchi,MIA,WR,2,7.8,9,125
Yancy Bianchi,MIA,WR,3,5.2,9,125
Yancy Bianchi,MIA,WR,4,7.1,9,125
Yancy Bianchi,MIA,WR,5,7.1,9,125
Yancy Bianchi,MIA,WR,6,7.4,9,125
Yancy Bianchi,MIA,WR,7,12.2,9,125
Yancy Bianchi,MIA,WR,8,7.2,9,125
Yancy Bianchi,MIA,WR,10,6.8,9,125
Yancy Bianchi,MIA,WR,11,6.1,9,125
Yancy Bianchi,MIA,WR,12,5.8,9,125
Yancy Bianchi,MIA,WR,13,2.0,9,125
Yancy Bianchi,MIA,WR,14,6.0,9,125
Yancy Bianchi,MIA,WR,15,6.5,9,125
Yancy Bianchi,MIA,WR,16,4.9,9,125
Yancy Bianchi,MIA,WR,17,6.9,9,125
Cavanaugh Solano,HOU,WR,1,7.6,5,123
Cavanaugh Solano,HOU,WR,2,7.2,5,123
Cavanaugh Solano,HOU,WR,3,4.3,5,123
Cavanaugh Solano,HOU,WR,4,4.6,5,123
Cavanaugh Solano,HOU,WR,6,5.6,5,123
Cavanaugh Solano,HOU,WR,7,4.0,5,123
Cavanaugh Solano,HOU,WR,8,9.0,5,123
Cavanaugh Solano,HOU,WR,9,7.8,5,123
Cavanaugh Solano,HOU,WR,10,8.1,5,123
Cavanaugh Solano,HOU,WR,11,6.7,5,123
Cavanaugh Solano,HOU,WR,12,7.4,5,123
Cavanaugh Solano,HOU,WR,13,7.7,5,123
Cavanaugh Solano,HOU,WR,14,8.5,5,123
Cavanaugh Solano,HOU,WR,15,5.9,5,123
Cavanaugh Solano,HOU,WR,16,8.5,5,123
Cavanaugh Solano,HOU,WR,17,4.8,5,123
Nolasco Quezada,CIN,WR,1,7.5,14,148
Nolasco Quezada,CIN,WR,2,9.2,14,148
Nolasco Quezada,CIN,WR,3,5.5,14,148
Nolasco Quezada,CIN,WR,4,7.7,14,148
Nolasco Quezada,CIN,WR,5,4.6,14,148
Nolasco Quezada,CIN,WR,6,5.7,14,148
Nolasco Quezada,CIN,WR,7,6.8,14,148
Nolasco Quezada,CIN,WR,8,5.1,14,148
Nolasco Quezada,CIN,WR,9,8.4,14,148
Nolasco Quezada,CIN,WR,10,6.8,14,148
Nolasco Quezada,CIN,WR,11,4.0,14,148
Nolasco Quezada,CIN,WR,12,3.9,14,148
Nolasco Quezada,CIN,WR,13,5.2,14,148
Nolasco Quezada,CIN,WR,15,2.5,14,148
Nolasco Quezada,CIN,WR,16,8.1,14,148
Nolasco Quezada,CIN,WR,17,5.5,14,148
Odom Marchetti,WAS,WR,1,9.2,14,103
Odom Marchetti,WAS,WR,2,8.1,14,103
Odom Marchetti,WAS,WR,3,7.8,14,103
Odom Marchetti,WAS,WR,4,8.5,14,103
Odom Marchetti,WAS,WR,5,7.6,14,103
Odom Marchetti,WAS,WR,6,6.7,14,103
Odom Marchetti,WAS,WR,7,8.7,14,103
Odom Marchetti,WAS,WR,8,7.3,14,103
Odom Marchetti,WAS,WR,9,7.9,14,103
Odom Marchetti,WAS,WR,10,9.5,14,103
Odom Marchetti,WAS,WR,11,10.2,14,103
Odom Marchetti,WAS,WR,12,6.9,14,103
Odom Marchetti,WAS,WR,13,8.7,14,103
Odom Marchetti,WAS,WR,15,4.4,14,103
Odom Marchetti,WAS,WR,16,5.6,14,103
Odom Marchetti,WAS,WR,17,7.5,14,103
Thackeray Pellegrino,BUF,WR,1,7.9,11,114
Thackeray Pellegrino,BUF,WR,2,7.8,11,114
Thackeray Pellegrino,BUF,WR,3,8.7,11,114
Thackeray Pellegrino,BUF,WR,4,7.4,11,114
Thackeray Pellegrino,BUF,WR,5,7.4,11,114
Thackeray Pellegrino,BUF,WR,6,6.0,11,114
Thackeray Pellegrino,BUF,WR,7,10.8,11,114
Thackeray Pellegrino,BUF,WR,8,7.8,11,114
Thackeray Pellegrino,BUF,WR,9,6.6,11,114
Thackeray Pellegrino,BUF,WR,10,5.7,11,114
Thackeray Pellegrino,BUF,WR,12,5.5,11,114
Thackeray Pellegrino,BUF,WR,13,8.1,11,114
Thackeray Pellegrino,BUF,WR,14,5.8,11,114
Thackeray Pellegrino,BUF,WR,15,7.5,11,114
Thackeray Pellegrino,BUF,WR,16,5.3,11,114
Thackeray Pellegrino,BUF,WR,17,7.1,11,114
Kilbride Montoya,DEN,WR,1,6.2,14,167
Kilbride Montoya,DEN,WR,2,2.5,14,167
Kilbride Montoya,DEN,WR,3,3.9,14,167
Kilbride Montoya,DEN,WR,4,7.4,14,167
Kilbride Montoya,DEN,WR,5,3.5,14,167
Kilbride Montoya,DEN,WR,6,4.4,14,167
Kilbride Montoya,DEN,WR,7,3.4,14,167
Kilbride Montoya,DEN,WR,8,7.0,14,167
Kilbride Montoya,DEN,WR,9,7.4,14,167
Kilbride Montoya,DEN,WR,10,7.8,14,167
Kilbride Montoya,DEN,WR,11,2.7,14,167
Kilbride Montoya,DEN,WR,12,4.7,14,167
Kilbride Montoya,DEN,WR,13,5.9,14,167
Kilbride Montoya,DEN,WR,15,4.1,14,167
Kilbride Montoya,DEN,WR,16,5.0,14,167
Kilbride Montoya,DEN,WR,17,2.5,14,167
Dunmore Kessling,DEN,WR,1,6.8,14,99
Dunmore Kessling,DEN,WR,2,8.6,14,99
Dunmore Kessling,DEN,WR,3,6.3,14,99
Dunmore Kessling,DEN,WR,4,8.1,14,99
Dunmore Kessling,DEN,WR,5,8.3,14,99
Dunmore Kessling,DEN,WR,6,12.2,14,99
Dunmore Kessling,DEN,WR,7,8.5,14,99
Dunmore Kessling,DEN,WR,8,10.4,14,99
Dunmore Kessling,DEN,WR,9,8.2,14,99
Dunmore Kessling,DEN,WR,10,10.9,14,99
Dunmore Kessling,DEN,WR,11,6.9,14,99
Dunmore Kessling,DEN,WR,12,6.7,14,99
Dunmore Kessling,DEN,WR,13,6.3,14,99
Dunmore Kessling,DEN,WR,15,5.2,14,99
Dunmore Kessling,DEN,WR,16,7.9,14,99
Dunmore Kessling,DEN,WR,17,9.5,14,99
Thackeray Wexford,CLE,WR,1,7.9,14,159
Thackeray Wexford,CLE,WR,2,4.2,14,159
Thackeray Wexford,CLE,WR,3,6.7,14,159
Thackeray Wexford,CLE,WR,4,5.5,14,159
Thackeray Wexford,CLE,WR,5,4.3,14,159
Thackeray Wexford,CLE,WR,6,6.3,14,159
Thackeray Wexford,CLE,WR,7,8.6,14,159
Thackeray Wexford,CLE,WR,8,2.8,14,159
Thackeray Wexford,CLE,WR,9,3.3,14,159
Thackeray Wexford,CLE,WR,10,3.2,14,159
Thackeray Wexford,CLE,WR,11,4.4,14,159
Thackeray Wexford,CLE,WR,12,6.2,14,159
Thackeray Wexford,CLE,WR,13,5.5,14,159
Thackeray Wexford,CLE,WR,15,4.4,14,159
Thackeray Wexford,CLE,WR,16,7.5,14,159
Thackeray Wexford,CLE,WR,17,6.1,14,159
Xavier Larkspur,TEN,WR,1,8.1,10,139
Xavier Larkspur,TEN,WR,2,7.3,10,139
Xavier Larkspur,TEN,WR,3,6.7,10,139
Xavier Larkspur,TEN,WR,4,7.1,10,139
Xavier Larkspur,TEN,WR,5,5.9,10,139
Xavier Larkspur,TEN,WR,6,6.2,10,139
Xavier Larkspur,TEN,WR,7,6.0,10,139
Xavier Larkspur,TEN,WR,8,9.5,10,139
Xavier Larkspur,TEN,WR,9,3.6,10,139
Xavier Larkspur,TEN,WR,11,8.5,10,139
Xavier Larkspur,TEN,WR,12,4.3,10,139
Xavier Larkspur,TEN,WR,13,4.4,10,139
Xavier Larkspur,TEN,WR,14,3.3,10,139
Xavier Larkspur,TEN,WR,15,5.4,10,139
Xavier Larkspur,TEN,WR,16,7.6,10,139
Xavier Larkspur,TEN,WR,17,6.1,10,139
Corbin Thistlewood,NE,WR,1,2.8,9,164
Corbin Thistlewood,NE,WR,2,6.9,9,164
Corbin Thistlewood,NE,WR,3,7.5,9,164
Corbin Thistlewood,NE,WR,4,3.9,9,164
Corbin Thistlewood,NE,WR,5,7.1,9,164
Corbin Thistlewood,NE,WR,6,5.5,9,164
Corbin Thistlewood,NE,WR,7,6.6,9,164
Corbin Thistlewood,NE,WR,8,6.1,9,164
Corbin Thistlewood,NE,WR,10,5.1,9,164
Corbin Thistlewood,NE,WR,11,4.0,9,164
Corbin Thistlewood,NE,WR,12,7.2,9,164
Corbin Thistlewood,NE,WR,13,3.6,9,164
Corbin Thistlewood,NE,WR,14,4.8,9,164
Corbin Thistlewood,NE,WR,15,6.0,9,164
Corbin Thistlewood,NE,WR,16,1.7,9,164
Corbin Thistlewood,NE,WR,17,5.9,9,164
Doss Salazar,SF,WR,1,7.0,5,127
Doss Salazar,SF,WR,2,6.4,5,127
Doss Salazar,SF,WR,3,8.2,5,127
Doss Salazar,SF,WR,4,9.1,5,127
Doss Salazar,SF,WR,6,7.6,5,127
Doss Salazar,SF,WR,7,3.9,5,127
Doss Salazar,SF,WR,8,7.0,5,127
Doss Salazar,SF,WR,9,3.8,5,127
Doss Salazar,SF,WR,10,5.8,5,127
Doss Salazar,SF,WR,11,11.8,5,127
Doss Salazar,SF,WR,12,5.9,5,127
Doss Salazar,SF,WR,13,4.4,5,127
Doss Salazar,SF,WR,14,5.4,5,127
Doss Salazar,SF,WR,15,5.9,5,127
Doss Salazar,SF,WR,16,7.8,5,127
Doss Salazar,SF,WR,17,5.7,5,127
Ivory Salazar,TEN,WR,1,2.6,5,178
Ivory Salazar,TEN,WR,2,2.7,5,178
Ivory Salazar,TEN,WR,3,1.7,5,178
Ivory Salazar,TEN,WR,4,2.5,5,178
Ivory Salazar,TEN,WR,6,7.1,5,178
Ivory Salazar,TEN,WR,7,3.9,5,178
Ivory Salazar,TEN,WR,8,3.3,5,178
Ivory Salazar,TEN,WR,9,4.9,5,178
Ivory Salazar,TEN,WR,10,6.5,5,178
Ivory Salazar,TEN,WR,11,3.9,5,178
Ivory Salazar,TEN,WR,12,3.1,5,178
Ivory Salazar,TEN,WR,13,6.1,5,178
Ivory Salazar,TEN,WR,14,4.1,5,178
Ivory Salazar,TEN,WR,15,5.3,5,178
Ivory Salazar,TEN,WR,16,3.6,5,178
Ivory Salazar,TEN,WR,17,3.6,5,178
Hollingsworth Solano,NYG,WR,1,6.9,14,145
Hollingsworth Solano,NYG,WR,2,4.9,14,145
Hollingsworth Solano,NYG,WR,3,4.5,14,145
Hollingsworth Solano,NYG,WR,4,7.3,14,145
Hollingsworth Solano,NYG,WR,5,5.7,14,145
Hollingsworth Solano,NYG,WR,6,6.8,14,145
Hollingsworth Solano,NYG,WR,7,7.2,14,145
Hollingsworth Solano,NYG,WR,8,3.8,14,145
Hollingsworth Solano,NYG,WR,9,3.6,14,145
Hollingsworth Solano,NYG,WR,10,3.5,14,145
Hollingsworth Solano,NYG,WR,11,6.6,14,145
Hollingsworth Solano,NYG,WR,12,6.9,14,145
Hollingsworth Solano,NYG,WR,13,10.5,14,145
Hollingsworth Solano,NYG,WR,15,7.6,14,145
Hollingsworth Solano,NYG,WR,16,4.1,14,145
Hollingsworth Solano,NYG,WR,17,7.3,14,145
Ivory Wexford,DAL,WR,1,7.7,13,113
Ivory Wexford,DAL,WR,2,7.4,13,113
Ivory Wexford,DAL,WR,3,4.7,13,113
Ivory Wexford,DAL,WR,4,7.7,13,113
Ivory Wexford,DAL,WR,5,9.2,13,113
Ivory Wexford,DAL,WR,6,8.5,13,113
Ivory Wexford,DAL,WR,7,7.1,13,113
Ivory Wexford,DAL,WR,8,5.5,13,113
Ivory Wexford,DAL,WR,9,7.0,13,113
Ivory Wexford,DAL,WR,10,5.8,13,113
Ivory Wexford,DAL,WR,11,10.8,13,113
Ivory Wexford,DAL,WR,12,8.7,13,113
Ivory Wexford,DAL,WR,14,5.8,13,113
Ivory Wexford,DAL,WR,15,8.1,13,113
Ivory Wexford,DAL,WR,16,7.5,13,113
Ivory Wexford,DAL,WR,17,5.7,13,113
Tanaka Whitfield,PHI,TE,1,10.4,10,88
Tanaka Whitfield,PHI,TE,2,7.8,10,88
Tanaka Whitfield,PHI,TE,3,6.8,10,88
Tanaka Whitfield,PHI,TE,4,9.0,10,88
Tanaka Whitfield,PHI,TE,5,10.3,10,88
Tanaka Whitfield,PHI,TE,6,5.7,10,88
Tanaka Whitfield,PHI,TE,7,9.4,10,88
Tanaka Whitfield,PHI,TE,8,9.6,10,88
Tanaka Whitfield,PHI,TE,9,10.2,10,88
Tanaka Whitfield,PHI,TE,11,8.0,10,88
Tanaka Whitfield,PHI,TE,12,8.1,10,88
Tanaka Whitfield,PHI,TE,13,9.6,10,88
Tanaka Whitfield,PHI,TE,14,9.4,10,88
Tanaka Whitfield,PHI,TE,15,6.6,10,88
Tanaka Whitfield,PHI,TE,16,8.5,10,88
Tanaka Whitfield,PHI,TE,17,8.7,10,88
Mavros Quezada,MIA,TE,1,9.3,14,96
Mavros Quezada,MIA,TE,2,8.1,14,96
Mavros Quezada,MIA,TE,3,9.7,14,96
Mavros Quezada,MIA,TE,4,7.8,14,96
Mavros Quezada,MIA,TE,5,9.0,14,96
Mavros Quezada,MIA,TE,6,8.8,14,96
Mavros Quezada,MIA,TE,7,5.7,14,96
Mavros Quezada,MIA,TE,8,6.9,14,96
Mavros Quezada,MIA,TE,9,7.3,14,96
Mavros Quezada,MIA,TE,10,9.9,14,96
Mavros Quezada,MIA,TE,11,6.5,14,96
Mavros Quezada,MIA,TE,12,9.4,14,96
Mavros Quezada,MIA,TE,13,9.5,14,96
Mavros Quezada,MIA,TE,15,8.9,14,96
Mavros Quezada,MIA,TE,16,9.1,14,96
Mavros Quezada,MIA,TE,17,7.9,14,96
Cavanaugh Reyes,LAC,TE,1,8.5,7,90
Cavanaugh Reyes,LAC,TE,2,8.7,7,90
Cavanaugh Reyes,LAC,TE,3,9.5,7,90
Cavanaugh Reyes,LAC,TE,4,8.8,7,90
Cavanaugh Reyes,LAC,TE,5,9.1,7,90
Cavanaugh Reyes,LAC,TE,6,7.9,7,90
Cavanaugh Reyes,LAC,TE,8,8.0,7,90
Cavanaugh Reyes,LAC,TE,9,8.4,7,90
Cavanaugh Reyes,LAC,TE,10,8.5,7,90
Cavanaugh Reyes,LAC,TE,11,8.8,7,90
Cavanaugh Reyes,LAC,TE,12,8.7,7,90
Cavanaugh Reyes,LAC,TE,13,8.7,7,90
Cavanaugh Reyes,LAC,TE,14,10.2,7,90
Cavanaugh Reyes,LAC,TE,15,9.3,7,90
Cavanaugh Reyes,LAC,TE,16,7.0,7,90
Cavanaugh Reyes,LAC,TE,17,7.7,7,90
Weiss Vance,ARI,TE,1,9.2,13,98
Weiss Vance,ARI,TE,2,8.4,13,98
Weiss Vance,ARI,TE,3,9.2,13,98
Weiss Vance,ARI,TE,4,8.4,13,98
Weiss Vance,ARI,TE,5,8.5,13,98
Weiss Vance,ARI,TE,6,8.1,13,98
Weiss Vance,ARI,TE,7,6.9,13,98
Weiss Vance,ARI,TE,8,8.4,13,98
Weiss Vance,ARI,TE,9,8.5,13,98
Weiss Vance,ARI,TE,10,7.7,13,98
Weiss Vance,ARI,TE,11,9.5,13,98
Weiss Vance,ARI,TE,12,6.9,13,98
Weiss Vance,ARI,TE,14,9.5,13,98
Weiss Vance,ARI,TE,15,9.0,13,98
Weiss Vance,ARI,TE,16,8.8,13,98
Weiss Vance,ARI,TE,17,5.2,13,98
Nixon Halloway,PHI,TE,1,5.6,5,143
Nixon Halloway,PHI,TE,2,7.6,5,143
Nixon Halloway,PHI,TE,3,5.8,5,143
Nixon Halloway,PHI,TE,4,7.2,5,143
Nixon Halloway,PHI,TE,6,5.7,5,143
Nixon Halloway,PHI,TE,7,4.3,5,143
Nixon Halloway,PHI,TE,8,6.3,5,143
Nixon Halloway,PHI,TE,9,6.4,5,143
Nixon Halloway,PHI,TE,10,6.5,5,143
Nixon Halloway,PHI,TE,11,7.5,5,143
Nixon Halloway,PHI,TE,12,6.8,5,143
Nixon Halloway,PHI,TE,13,5.4,5,143
Nixon Halloway,PHI,TE,14,5.6,5,143
Nixon Halloway,PHI,TE,15,7.0,5,143
Nixon Halloway,PHI,TE,16,5.3,5,143
Nixon Halloway,PHI,TE,17,4.3,5,143
Sorrento Fitzhugh,DEN,TE,1,6.3,14,147
Sorrento Fitzhugh,DEN,TE,2,5.0,14,147
Sorrento Fitzhugh,DEN,TE,3,6.9,14,147
Sorrento Fitzhugh,DEN,TE,4,5.8,14,147
Sorrento Fitzhugh,DEN,TE,5,7.1,14,147
Sorrento Fitzhugh,DEN,TE,6,3.8,14,147
Sorrento Fitzhugh,DEN,TE,7,5.9,14,147
Sorrento Fitzhugh,DEN,TE,8,7.0,14,147
Sorrento Fitzhugh,DEN,TE,9,4.2,14,147
Sorrento Fitzhugh,DEN,TE,10,6.3,14,147
Sorrento Fitzhugh,DEN,TE,11,6.8,14,147
Sorrento Fitzhugh,DEN,TE,12,6.8,14,147
Sorrento Fitzhugh,DEN,TE,13,5.2,14,147
Sorrento Fitzhugh,DEN,TE,15,6.9,14,147
Sorrento Fitzhugh,DEN,TE,16,6.9,14,147
Sorrento Fitzhugh,DEN,TE,17,5.7,14,147
Kilbride Rutkowski,JAX,TE,1,8.2,6,100
Kilbride Rutkowski,JAX,TE,2,8.2,6,100
Kilbride Rutkowski,JAX,TE,3,7.9,6,100
Kilbride Rutkowski,JAX,TE,4,8.3,6,100
Kilbride Rutkowski,JAX,TE,5,8.7,6,100
Kilbride Rutkowski,JAX,TE,7,7.7,6,100
Kilbride Rutkowski,JAX,TE,8,7.2,6,100
Kilbride Rutkowski,JAX,TE,9,7.5,6,100
Kilbride Rutkowski,JAX,TE,10,10.3,6,100
Kilbride Rutkowski,JAX,TE,11,7.3,6,100
Kilbride Rutkowski,JAX,TE,12,9.7,6,100
Kilbride Rutkowski,JAX,TE,13,7.1,6,100
Kilbride Rutkowski,JAX,TE,14,7.6,6,100
Kilbride Rutkowski,JAX,TE,15,8.4,6,100
Kilbride Rutkowski,JAX,TE,16,8.3,6,100
Kilbride Rutkowski,JAX,TE,17,7.4,6,100
Corliss Nakamura,WAS,TE,1,7.7,10,102
Corliss Nakamura,WAS,TE,2,8.7,10,102
Corliss Nakamura,WAS,TE,3,8.3,10,102
Corliss Nakamura,WAS,TE,4,8.0,10,102
Corliss Nakamura,WAS,TE,5,8.1,10,102
Corliss Nakamura,WAS,TE,6,8.1,10,102
Corliss Nakamura,WAS,TE,7,9.0,10,102
Corliss Nakamura,WAS,TE,8,6.0,10,102
Corliss Nakamura,WAS,TE,9,7.8,10,102
Corliss Nakamura,WAS,TE,11,7.3,10,102
Corliss Nakamura,WAS,TE,12,8.4,10,102
Corliss Nakamura,WAS,TE,13,9.2,10,102
Corliss Nakamura,WAS,TE,14,9.1,10,102
Corliss Nakamura,WAS,TE,15,7.7,10,102
Corliss Nakamura,WAS,TE,16,7.1,10,102
Corliss Nakamura,WAS,TE,17,6.5,10,102
Mavros Reyes,ATL,TE,1,7.5,9,109
Mavros Reyes,ATL,TE,2,8.4,9,109
Mavros Reyes,ATL,TE,3,6.9,9,109
Mavros Reyes,ATL,TE,4,8.4,9,109
Mavros Reyes,ATL,TE,5,7.0,9,109
Mavros Reyes,ATL,TE,6,9.6,9,109
Mavros Reyes,ATL,TE,7,4.5,9,109
Mavros Reyes,ATL,TE,8,7.5,9,109
Mavros Reyes,ATL,TE,10,7.7,9,109
Mavros Reyes,ATL,TE,11,6.3,9,109
Mavros Reyes,ATL,TE,12,9.1,9,109
Mavros Reyes,ATL,TE,13,6.7,9,109
Mavros Reyes,ATL,TE,14,8.0,9,109
Mavros Reyes,ATL,TE,15,7.3,9,109
Mavros Reyes,ATL,TE,16,7.3,9,109
Mavros Reyes,ATL,TE,17,7.9,9,109
Marchetti Uzoma,ARI,TE,1,5.0,8,157
Marchetti Uzoma,ARI,TE,2,4.3,8,157
Marchetti Uzoma,ARI,TE,3,4.3,8,157
Marchetti Uzoma,ARI,TE,4,6.0,8,157
Marchetti Uzoma,ARI,TE,5,6.1,8,157
Marchetti Uzoma,ARI,TE,6,5.1,8,157
Marchetti Uzoma,ARI,TE,7,6.3,8,157
Marchetti Uzoma,ARI,TE,9,4.9,8,157
Marchetti Uzoma,ARI,TE,10,6.0,8,157
Marchetti Uzoma,ARI,TE,11,3.5,8,157
Marchetti Uzoma,ARI,TE,12,6.4,8,157
Marchetti Uzoma,ARI,TE,13,7.5,8,157
Marchetti Uzoma,ARI,TE,14,6.5,8,157
Marchetti Uzoma,ARI,TE,15,5.5,8,157
Marchetti Uzoma,ARI,TE,16,6.1,8,157
Marchetti Uzoma,ARI,TE,17,5.7,8,157
Idris Wexford,ARI,TE,1,5.3,9,154
Idris Wexford,ARI,TE,2,4.9,9,154
Idris Wexford,ARI,TE,3,6.1,9,154
Idris Wexford,ARI,TE,4,6.7,9,154
Idris Wexford,ARI,TE,5,6.1,9,154
Idris Wexford,ARI,TE,6,5.8,9,154
Idris Wexford,ARI,TE,7,6.8,9,154
Idris Wexford,ARI,TE,8,4.5,9,154
Idris Wexford,ARI,TE,10,7.5,9,154
Idris Wexford,ARI,TE,11,3.3,9,154
Idris Wexford,ARI,TE,12,6.1,9,154
Idris Wexford,ARI,TE,13,5.5,9,154
Idris Wexford,ARI,TE,14,5.7,9,154
Idris Wexford,ARI,TE,15,3.8,9,154
Idris Wexford,ARI,TE,16,6.5,9,154
Idris Wexford,ARI,TE,17,5.6,9,154
Stavros Pellegrino,JAX,TE,1,9.0,6,115
Stavros Pellegrino,JAX,TE,2,7.5,6,115
Stavros Pellegrino,JAX,TE,3,7.3,6,115
Stavros Pellegrino,JAX,TE,4,7.0,6,115
Stavros Pellegrino,JAX,TE,5,9.5,6,115
Stavros Pellegrino,JAX,TE,7,6.1,6,115
Stavros Pellegrino,JAX,TE,8,6.8,6,115
Stavros Pellegrino,JAX,TE,9,6.8,6,115
Stavros Pellegrino,JAX,TE,10,7.1,6,115
Stavros Pellegrino,JAX,TE,11,8.1,6,115
Stavros Pellegrino,JAX,TE,12,6.0,6,115
Stavros Pellegrino,JAX,TE,13,5.9,6,115
Stavros Pellegrino,JAX,TE,14,8.1,6,115
Stavros Pellegrino,JAX,TE,15,6.8,6,115
Stavros Pellegrino,JAX,TE,16,8.3,6,115
Stavros Pellegrino,JAX,TE,17,4.6,6,115
Ximena Osei,CAR,TE,1,6.5,8,138
Ximena Osei,CAR,TE,2,7.3,8,138
Ximena Osei,CAR,TE,3,6.6,8,138
Ximena Osei,CAR,TE,4,7.0,8,138
Ximena Osei,CAR,TE,5,7.9,8,138
Ximena Osei,CAR,TE,6,7.0,8,138
Ximena Osei,CAR,TE,7,5.5,8,138
Ximena Osei,CAR,TE,9,7.4,8,138
Ximena Osei,CAR,TE,10,6.5,8,138
Ximena Osei,CAR,TE,11,6.8,8,138
Ximena Osei,CAR,TE,12,6.1,8,138
Ximena Osei,CAR,TE,13,5.2,8,138
Ximena Osei,CAR,TE,14,5.4,8,138
Ximena Osei,CAR,TE,15,6.3,8,138
Ximena Osei,CAR,TE,16,5.6,8,138
Ximena Osei,CAR,TE,17,3.9,8,138
Kilbride Trentino,LAR,TE,1,5.4,10,163
Kilbride Trentino,LAR,TE,2,6.3,10,163
Kilbride Trentino,LAR,TE,3,6.0,10,163
Kilbride Trentino,LAR,TE,4,3.7,10,163
Kilbride Trentino,LAR,TE,5,6.6,10,163
Kilbride Trentino,LAR,TE,6,3.7,10,163
Kilbride Trentino,LAR,TE,7,5.3,10,163
Kilbride Trentino,LAR,TE,8,5.3,10,163
Kilbride Trentino,LAR,TE,9,2.7,10,163
Kilbride Trentino,LAR,TE,11,5.8,10,163
Kilbride Trentino,LAR,TE,12,5.3,10,163
Kilbride Trentino,LAR,TE,13,4.3,10,163
Kilbride Trentino,LAR,TE,14,7.8,10,163
Kilbride Trentino,LAR,TE,15,5.7,10,163
Kilbride Trentino,LAR,TE,16,5.6,10,163
Kilbride Trentino,LAR,TE,17,5.5,10,163
Marek Abara,BAL,TE,1,4.2,13,172
Marek Abara,BAL,TE,2,3.9,13,172
Marek Abara,BAL,TE,3,3.9,13,172
Marek Abara,BAL,TE,4,7.6,13,172
Marek Abara,BAL,TE,5,6.7,13,172
Marek Abara,BAL,TE,6,5.0,13,172
Marek Abara,BAL,TE,7,5.8,13,172
Marek Abara,BAL,TE,8,4.0,13,172
Marek Abara,BAL,TE,9,2.2,13,172
Marek Abara,BAL,TE,10,3.1,13,172
Marek Abara,BAL,TE,11,5.1,13,172
Marek Abara,BAL,TE,12,6.5,13,172
Marek Abara,BAL,TE,14,5.0,13,172
Marek Abara,BAL,TE,15,4.0,13,172
Marek Abara,BAL,TE,16,4.8,13,172
Marek Abara,BAL,TE,17,4.0,13,172
Quintero Okonkwo,LAR,TE,1,7.4,13,150
Quintero Okonkwo,LAR,TE,2,5.0,13,150
Quintero Okonkwo,LAR,TE,3,5.7,13,150
Quintero Okonkwo,LAR,TE,4,7.8,13,150
Quintero Okonkwo,LAR,TE,5,6.4,13,150
Quintero Okonkwo,LAR,TE,6,5.0,13,150
Quintero Okonkwo,LAR,TE,7,4.6,13,150
Quintero Okonkwo,LAR,TE,8,5.1,13,150
Quintero Okonkwo,LAR,TE,9,6.2,13,150
Quintero Okonkwo,LAR,TE,10,5.8,13,150
Quintero Okonkwo,LAR,TE,11,5.9,13,150
Quintero Okonkwo,LAR,TE,12,4.8,13,150
Quintero Okonkwo,LAR,TE,14,6.0,13,150
Quintero Okonkwo,LAR,TE,15,6.4,13,150
Quintero Okonkwo,LAR,TE,16,4.8,13,150
Quintero Okonkwo,LAR,TE,17,7.0,13,150
Fennimore Delgado,DEN,TE,1,3.2,5,174
Fennimore Delgado,DEN,TE,2,6.2,5,174
Fennimore Delgado,DEN,TE,3,3.6,5,174
Fennimore Delgado,DEN,TE,4,5.0,5,174
Fennimore Delgado,DEN,TE,6,4.3,5,174
Fennimore Delgado,DEN,TE,7,3.6,5,174
Fennimore Delgado,DEN,TE,8,3.5,5,174
Fennimore Delgado,DEN,TE,9,5.7,5,174
Fennimore Delgado,DEN,TE,10,3.7,5,174
Fennimore Delgado,DEN,TE,11,4.4,5,174
Fennimore Delgado,DEN,TE,12,4.1,5,174
Fennimore Delgado,DEN,TE,13,3.8,5,174
Fennimore Delgado,DEN,TE,14,4.3,5,174
Fennimore Delgado,DEN,TE,15,5.7,5,174
Fennimore Delgado,DEN,TE,16,5.7,5,174
Fennimore Delgado,DEN,TE,17,5.5,5,174
Underhill Larkspur,GB,TE,1,4.6,5,151
Underhill Larkspur,GB,TE,2,6.4,5,151
Underhill Larkspur,GB,TE,3,5.5,5,151
Underhill Larkspur,GB,TE,4,6.4,5,151
Underhill Larkspur,GB,TE,6,4.9,5,151
Underhill Larkspur,GB,TE,7,6.3,5,151
Underhill Larkspur,GB,TE,8,6.1,5,151
Underhill Larkspur,GB,TE,9,5.5,5,151
Underhill Larkspur,GB,TE,10,5.1,5,151
Underhill Larkspur,GB,TE,11,5.3,5,151
Underhill Larkspur,GB,TE,12,6.2,5,151
Underhill Larkspur,GB,TE,13,6.9,5,151
Underhill Larkspur,GB,TE,14,5.3,5,151
Underhill Larkspur,GB,TE,15,6.3,5,151
Underhill Larkspur,GB,TE,16,5.5,5,151
Underhill Larkspur,GB,TE,17,7.4,5,151
Winslow Nakamura,CHI,TE,1,6.1,12,156
Winslow Nakamura,CHI,TE,2,6.8,12,156
Winslow Nakamura,CHI,TE,3,6.1,12,156
Winslow Nakamura,CHI,TE,4,4.3,12,156
Winslow Nakamura,CHI,TE,5,5.5,12,156
Winslow Nakamura,CHI,TE,6,6.0,12,156
Winslow Nakamura,CHI,TE,7,4.8,12,156
Winslow Nakamura,CHI,TE,8,6.1,12,156
Winslow Nakamura,CHI,TE,9,5.5,12,156
Winslow Nakamura,CHI,TE,10,4.9,12,156
Winslow Nakamura,CHI,TE,11,4.5,12,156
Winslow Nakamura,CHI,TE,13,6.6,12,156
Winslow Nakamura,CHI,TE,14,6.1,12,156
Winslow Nakamura,CHI,TE,15,4.8,12,156
Winslow Nakamura,CHI,TE,16,4.7,12,156
Winslow Nakamura,CHI,TE,17,6.7,12,156
Dunmore Okonkwo,HOU,TE,1,5.5,8,179
Dunmore Okonkwo,HOU,TE,2,4.7,8,179
Dunmore Okonkwo,HOU,TE,3,3.0,8,179
Dunmore Okonkwo,HOU,TE,4,4.8,8,179
Dunmore Okonkwo,HOU,TE,5,1.7,8,179
Dunmore Okonkwo,HOU,TE,6,4.0,8,179
Dunmore Okonkwo,HOU,TE,7,4.0,8,179
Dunmore Okonkwo,HOU,TE,9,3.7,8,179
Dunmore Okonkwo,HOU,TE,10,3.0,8,179
Dunmore Okonkwo,HOU,TE,11,3.3,8,179
Dunmore Okonkwo,HOU,TE,12,2.0,8,179
Dunmore Okonkwo,HOU,TE,13,4.4,8,179
Dunmore Okonkwo,HOU,TE,14,2.9,8,179
Dunmore Okonkwo,HOU,TE,15,4.6,8,179
Dunmore Okonkwo,HOU,TE,16,4.8,8,179
Dunmore Okonkwo,HOU,TE,17,3.2,8,179
Idris Jaramillo,WAS,TE,1,4.7,5,171
Idris Jaramillo,WAS,TE,2,3.7,5,171
Idris Jaramillo,WAS,TE,3,6.3,5,171
Idris Jaramillo,WAS,TE,4,5.2,5,171
Idris Jaramillo,WAS,TE,6,3.1,5,171
Idris Jaramillo,WAS,TE,7,4.2,5,171
Idris Jaramillo,WAS,TE,8,4.8,5,171
Idris Jaramillo,WAS,TE,9,4.2,5,171
Idris Jaramillo,WAS,TE,10,4.8,5,171
Idris Jaramillo,WAS,TE,11,5.2,5,171
Idris Jaramillo,WAS,TE,12,5.0,5,171
Idris Jaramillo,WAS,TE,13,4.3,5,171
Idris Jaramillo,WAS,TE,14,6.3,5,171
Idris Jaramillo,WAS,TE,15,5.7,5,171
Idris Jaramillo,WAS,TE,16,4.4,5,171
Idris Jaramillo,WAS,TE,17,4.6,5,171
Tanaka Ibsen,HOU,TE,1,4.2,5,176
Tanaka Ibsen,HOU,TE,2,2.2,5,176
Tanaka Ibsen,HOU,TE,3,4.9,5,176
Tanaka Ibsen,HOU,TE,4,5.0,5,176
Tanaka Ibsen,HOU,TE,6,5.6,5,176
Tanaka Ibsen,HOU,TE,7,4.6,5,176
Tanaka Ibsen,HOU,TE,8,3.9,5,176
Tanaka Ibsen,HOU,TE,9,4.8,5,176
Tanaka Ibsen,HOU,TE,10,4.9,5,176
Tanaka Ibsen,HOU,TE,11,4.1,5,176
Tanaka Ibsen,HOU,TE,12,3.0,5,176
Tanaka Ibsen,HOU,TE,13,3.9,5,176
Tanaka Ibsen,HOU,TE,14,5.1,5,176
Tanaka Ibsen,HOU,TE,15,4.7,5,176
Tanaka Ibsen,HOU,TE,16,3.7,5,176
Tanaka Ibsen,HOU,TE,17,3.4,5,176
PHI DST,PHI,DST,1,7.6,9,117
PHI DST,PHI,DST,2,7.6,9,117
PHI DST,PHI,DST,3,5.0,9,117
PHI DST,PHI,DST,4,4.3,9,117
PHI DST,PHI,DST,5,5.7,9,117
PHI DST,PHI,DST,6,5.1,9,117
PHI DST,PHI,DST,7,9.0,9,117
PHI DST,PHI,DST,8,9.4,9,117
PHI DST,PHI,DST,10,6.1,9,117
PHI DST,PHI,DST,11,8.2,9,117
PHI DST,PHI,DST,12,6.4,9,117
PHI DST,PHI,DST,13,4.9,9,117
PHI DST,PHI,DST,14,6.9,9,117
PHI DST,PHI,DST,15,6.7,9,117
PHI DST,PHI,DST,16,10.1,9,117
PHI DST,PHI,DST,17,8.3,9,117
LAC DST,LAC,DST,1,6.0,10,134
LAC DST,LAC,DST,2,7.2,10,134
LAC DST,LAC,DST,3,6.1,10,134
LAC DST,LAC,DST,4,6.7,10,134
LAC DST,LAC,DST,5,7.7,10,134
LAC DST,LAC,DST,6,5.4,10,134
LAC DST,LAC,DST,7,3.9,10,134
LAC DST,LAC,DST,8,7.0,10,134
LAC DST,LAC,DST,9,6.0,10,134
LAC DST,LAC,DST,11,6.7,10,134
LAC DST,LAC,DST,12,6.9,10,134
LAC DST,LAC,DST,13,8.3,10,134
LAC DST,LAC,DST,14,6.3,10,134
LAC DST,LAC,DST,15,6.3,10,134
LAC DST,LAC,DST,16,7.6,10,134
LAC DST,LAC,DST,17,4.0,10,134
SF DST,SF,DST,1,7.4,12,155
SF DST,SF,DST,2,5.0,12,155
SF DST,SF,DST,3,6.4,12,155
SF DST,SF,DST,4,4.3,12,155
SF DST,SF,DST,5,4.9,12,155
SF DST,SF,DST,6,4.0,12,155
SF DST,SF,DST,7,5.6,12,155
SF DST,SF,DST,8,6.8,12,155
SF DST,SF,DST,9,6.3,12,155
SF DST,SF,DST,10,5.2,12,155
SF DST,SF,DST,11,6.7,12,155
SF DST,SF,DST,13,5.4,12,155
SF DST,SF,DST,14,6.4,12,155
SF DST,SF,DST,15,6.2,12,155
SF DST,SF,DST,16,6.6,12,155
SF DST,SF,DST,17,2.5,12,155
IND DST,IND,DST,1,6.7,11,161
IND DST,IND,DST,2,3.7,11,161
IND DST,IND,DST,3,4.3,11,161
IND DST,IND,DST,4,6.2,11,161
IND DST,IND,DST,5,7.8,11,161
IND DST,IND,DST,6,3.3,11,161
IND DST,IND,DST,7,6.2,11,161
IND DST,IND,DST,8,6.3,11,161
IND DST,IND,DST,9,3.4,11,161
IND DST,IND,DST,10,6.4,11,161
IND DST,IND,DST,12,7.4,11,161
IND DST,IND,DST,13,3.9,11,161
IND DST,IND,DST,14,5.0,11,161
IND DST,IND,DST,15,3.5,11,161
IND DST,IND,DST,16,5.2,11,161
IND DST,IND,DST,17,6.6,11,161
NE DST,NE,DST,1,8.6,13,110
NE DST,NE,DST,2,9.2,13,110
NE DST,NE,DST,3,8.5,13,110
NE DST,NE,DST,4,7.0,13,110
NE DST,NE,DST,5,8.5,13,110
NE DST,NE,DST,6,7.4,13,110
NE DST,NE,DST,7,6.5,13,110
NE DST,NE,DST,8,6.4,13,110
NE DST,NE,DST,9,6.6,13,110
NE DST,NE,DST,10,7.0,13,110
NE DST,NE,DST,11,4.9,13,110
NE DST,NE,DST,12,7.6,13,110
NE DST,NE,DST,14,5.2,13,110
NE DST,NE,DST,15,8.0,13,110
NE DST,NE,DST,16,9.1,13,110
NE DST,NE,DST,17,8.9,13,110
ATL DST,ATL,DST,1,6.8,6,141
ATL DST,ATL,DST,2,8.2,6,141
ATL DST,ATL,DST,3,5.7,6,141
ATL DST,ATL,DST,4,6.2,6,141
ATL DST,ATL,DST,5,6.0,6,141
ATL DST,ATL,DST,7,6.3,6,141
ATL DST,ATL,DST,8,6.8,6,141
ATL DST,ATL,DST,9,3.4,6,141
ATL DST,ATL,DST,10,7.1,6,141
ATL DST,ATL,DST,11,5.8,6,141
ATL DST,ATL,DST,12,6.0,6,141
ATL DST,ATL,DST,13,7.4,6,141
ATL DST,ATL,DST,14,4.2,6,141
ATL DST,ATL,DST,15,5.1,6,141
ATL DST,ATL,DST,16,6.7,6,141
ATL DST,ATL,DST,17,7.8,6,141
DEN DST,DEN,DST,1,5.1,8,146
DEN DST,DEN,DST,2,7.4,8,146
DEN DST,DEN,DST,3,5.7,8,146
DEN DST,DEN,DST,4,5.7,8,146
DEN DST,DEN,DST,5,5.9,8,146
DEN DST,DEN,DST,6,6.4,8,146
DEN DST,DEN,DST,7,5.4,8,146
DEN DST,DEN,DST,9,6.5,8,146
DEN DST,DEN,DST,10,4.7,8,146
DEN DST,DEN,DST,11,7.0,8,146
DEN DST,DEN,DST,12,5.0,8,146
DEN DST,DEN,DST,13,6.8,8,146
DEN DST,DEN,DST,14,7.7,8,146
DEN DST,DEN,DST,15,7.4,8,146
DEN DST,DEN,DST,16,6.5,8,146
DEN DST,DEN,DST,17,3.6,8,146
WAS DST,WAS,DST,1,1.5,12,177
WAS DST,WAS,DST,2,3.1,12,177
WAS DST,WAS,DST,3,2.6,12,177
WAS DST,WAS,DST,4,3.0,12,177
WAS DST,WAS,DST,5,5.5,12,177
WAS DST,WAS,DST,6,4.2,12,177
WAS DST,WAS,DST,7,5.5,12,177
WAS DST,WAS,DST,8,5.0,12,177
WAS DST,WAS,DST,9,5.1,12,177
WAS DST,WAS,DST,10,5.2,12,177
WAS DST,WAS,DST,11,3.1,12,177
WAS DST,WAS,DST,13,5.0,12,177
WAS DST,WAS,DST,14,3.4,12,177
WAS DST,WAS,DST,15,3.2,12,177
WAS DST,WAS,DST,16,5.5,12,177
WAS DST,WAS,DST,17,6.8,12,177
CLE DST,CLE,DST,1,1.6,10,182
CLE DST,CLE,DST,2,1.2,10,182
CLE DST,CLE,DST,3,2.9,10,182
CLE DST,CLE,DST,4,4.3,10,182
CLE DST,CLE,DST,5,4.1,10,182
CLE DST,CLE,DST,6,3.9,10,182
CLE DST,CLE,DST,7,3.9,10,182
CLE DST,CLE,DST,8,4.2,10,182
CLE DST,CLE,DST,9,2.1,10,182
CLE DST,CLE,DST,11,2.9,10,182
CLE DST,CLE,DST,12,3.3,10,182
CLE DST,CLE,DST,13,5.1,10,182
CLE DST,CLE,DST,14,4.3,10,182
CLE DST,CLE,DST,15,3.5,10,182
CLE DST,CLE,DST,16,4.4,10,182
CLE DST,CLE,DST,17,2.9,10,182
HOU DST,HOU,DST,1,4.2,13,181
HOU DST,HOU,DST,2,4.3,13,181
HOU DST,HOU,DST,3,4.7,13,181
HOU DST,HOU,DST,4,2.3,13,181
HOU DST,HOU,DST,5,3.7,13,181
HOU DST,HOU,DST,6,3.4,13,181
HOU DST,HOU,DST,7,5.0,13,181
HOU DST,HOU,DST,8,3.0,13,181
HOU DST,HOU,DST,9,4.0,13,181
HOU DST,HOU,DST,10,1.8,13,181
HOU DST,HOU,DST,11,3.1,13,181
HOU DST,HOU,DST,12,2.6,13,181
HOU DST,HOU,DST,14,3.5,13,181
HOU DST,HOU,DST,15,2.7,13,181
HOU DST,HOU,DST,16,3.5,13,181
HOU DST,HOU,DST,17,3.9,13,181
TB DST,TB,DST,1,5.8,11,169
TB DST,TB,DST,2,5.6,11,169
TB DST,TB,DST,3,5.9,11,169
TB DST,TB,DST,4,5.9,11,169
TB DST,TB,DST,5,4.6,11,169
TB DST,TB,DST,6,5.5,11,169
TB DST,TB,DST,7,4.7,11,169
TB DST,TB,DST,8,2.8,11,169
TB DST,TB,DST,9,5.5,11,169
TB DST,TB,DST,10,2.1,11,169
TB DST,TB,DST,12,5.6,11,169
TB DST,TB,DST,13,5.0,11,169
TB DST,TB,DST,14,5.2,11,169
TB DST,TB,DST,15,5.0,11,169
TB DST,TB,DST,16,4.6,11,169
TB DST,TB,DST,17,3.6,11,169
LAR DST,LAR,DST,1,3.8,9,183
LAR DST,LAR,DST,2,1.8,9,183
LAR DST,LAR,DST,3,3.4,9,183
LAR DST,LAR,DST,4,3.1,9,183
LAR DST,LAR,DST,5,4.6,9,183
LAR DST,LAR,DST,6,2.7,9,183
LAR DST,LAR,DST,7,2.7,9,183
LAR DST,LAR,DST,8,3.6,9,183
LAR DST,LAR,DST,10,3.3,9,183
LAR DST,LAR,DST,11,5.5,9,183
LAR DST,LAR,DST,12,2.9,9,183
LAR DST,LAR,DST,13,2.5,9,183
LAR DST,LAR,DST,14,2.8,9,183
LAR DST,LAR,DST,15,3.9,9,183
LAR DST,LAR,DST,16,3.6,9,183
LAR DST,LAR,DST,17,4.2,9,183
Rylan Reyes,NE,K,1,5.8,12,119
Rylan Reyes,NE,K,2,6.5,12,119
Rylan Reyes,NE,K,3,7.7,12,119
Rylan Reyes,NE,K,4,7.1,12,119
Rylan Reyes,NE,K,5,8.2,12,119
Rylan Reyes,NE,K,6,7.3,12,119
Rylan Reyes,NE,K,7,7.4,12,119
Rylan Reyes,NE,K,8,6.9,12,119
Rylan Reyes,NE,K,9,5.5,12,119
Rylan Reyes,NE,K,10,7.3,12,119
Rylan Reyes,NE,K,11,7.8,12,119
Rylan Reyes,NE,K,13,6.4,12,119
Rylan Reyes,NE,K,14,6.9,12,119
Rylan Reyes,NE,K,15,5.7,12,119
Rylan Reyes,NE,K,16,6.8,12,119
Rylan Reyes,NE,K,17,5.6,12,119
Landry Villareal,LAC,K,1,9.2,5,94
Landry Villareal,LAC,K,2,7.1,5,94
Landry Villareal,LAC,K,3,7.7,5,94
Landry Villareal,LAC,K,4,7.9,5,94
Landry Villareal,LAC,K,6,9.1,5,94
Landry Villareal,LAC,K,7,7.1,5,94
Landry Villareal,LAC,K,8,8.9,5,94
Landry Villareal,LAC,K,9,7.9,5,94
Landry Villareal,LAC,K,10,9.5,5,94
Landry Villareal,LAC,K,11,8.2,5,94
Landry Villareal,LAC,K,12,8.9,5,94
Landry Villareal,LAC,K,13,8.3,5,94
Landry Villareal,LAC,K,14,10.0,5,94
Landry Villareal,LAC,K,15,8.1,5,94
Landry Villareal,LAC,K,16,8.4,5,94
Landry Villareal,LAC,K,17,10.1,5,94
Jarrah Osei,JAX,K,1,7.4,14,116
Jarrah Osei,JAX,K,2,8.3,14,116
Jarrah Osei,JAX,K,3,8.4,14,116
Jarrah Osei,JAX,K,4,6.6,14,116
Jarrah Osei,JAX,K,5,7.1,14,116
Jarrah Osei,JAX,K,6,6.4,14,116
Jarrah Osei,JAX,K,7,7.6,14,116
Jarrah Osei,JAX,K,8,5.8,14,116
Jarrah Osei,JAX,K,9,6.4,14,116
Jarrah Osei,JAX,K,10,5.4,14,116
Jarrah Osei,JAX,K,11,7.7,14,116
Jarrah Osei,JAX,K,12,6.5,14,116
Jarrah Osei,JAX,K,13,8.4,14,116
Jarrah Osei,JAX,K,15,7.9,14,116
Jarrah Osei,JAX,K,16,7.7,14,116
Jarrah Osei,JAX,K,17,6.6,14,116
Mabry Reyes,SEA,K,1,7.5,9,118
Mabry Reyes,SEA,K,2,7.1,9,118
Mabry Reyes,SEA,K,3,7.4,9,118
Mabry Reyes,SEA,K,4,6.2,9,118
Mabry Reyes,SEA,K,5,6.3,9,118
Mabry Reyes,SEA,K,6,6.5,9,118
Mabry Reyes,SEA,K,7,6.8,9,118
Mabry Reyes,SEA,K,8,7.6,9,118
Mabry Reyes,SEA,K,10,6.1,9,118
Mabry Reyes,SEA,K,11,8.4,9,118
Mabry Reyes,SEA,K,12,6.6,9,118
Mabry Reyes,SEA,K,13,6.6,9,118
Mabry Reyes,SEA,K,14,7.7,9,118
Mabry Reyes,SEA,K,15,7.5,9,118
Mabry Reyes,SEA,K,16,6.8,9,118
Mabry Reyes,SEA,K,17,6.2,9,118
Ellum Osei,KC,K,1,7.1,5,130
Ellum Osei,KC,K,2,5.9,5,130
Ellum Osei,KC,K,3,6.2,5,130
Ellum Osei,KC,K,4,6.9,5,130
Ellum Osei,KC,K,6,6.9,5,130
Ellum Osei,KC,K,7,7.2,5,130
Ellum Osei,KC,K,8,7.2,5,130
Ellum Osei,KC,K,9,4.8,5,130
Ellum Osei,KC,K,10,7.2,5,130
Ellum Osei,KC,K,11,6.3,5,130
Ellum Osei,KC,K,12,5.7,5,130
Ellum Osei,KC,K,13,8.1,5,130
Ellum Osei,KC,K,14,6.8,5,130
Ellum Osei,KC,K,15,5.3,5,130
Ellum Osei,KC,K,16,7.9,5,130
Ellum Osei,KC,K,17,4.7,5,130
Winslow Reyes,PHI,K,1,8.1,5,107
Winslow Reyes,PHI,K,2,8.0,5,107
Winslow Reyes,PHI,K,3,6.4,5,107
Winslow Reyes,PHI,K,4,7.1,5,107
Winslow Reyes,PHI,K,6,7.5,5,107
Winslow Reyes,PHI,K,7,6.3,5,107
Winslow Reyes,PHI,K,8,9.0,5,107
Winslow Reyes,PHI,K,9,7.5,5,107
Winslow Reyes,PHI,K,10,7.6,5,107
Winslow Reyes,PHI,K,11,6.3,5,107
Winslow Reyes,PHI,K,12,8.6,5,107
Winslow Reyes,PHI,K,13,8.7,5,107
Winslow Reyes,PHI,K,14,7.6,5,107
Winslow Reyes,PHI,K,15,8.5,5,107
Winslow Reyes,PHI,K,16,6.8,5,107
Winslow Reyes,PHI,K,17,7.5,5,107
Jettison Kirkland,LAR,K,1,6.1,9,128
Jettison Kirkland,LAR,K,2,6.1,9,128
Jettison Kirkland,LAR,K,3,5.4,9,128
Jettison Kirkland,LAR,K,4,6.5,9,128
Jettison Kirkland,LAR,K,5,7.6,9,128
Jettison Kirkland,LAR,K,6,6.2,9,128
Jettison Kirkland,LAR,K,7,5.2,9,128
Jettison Kirkland,LAR,K,8,8.5,9,128
Jettison Kirkland,LAR,K,10,8.3,9,128
Jettison Kirkland,LAR,K,11,7.3,9,128
Jettison Kirkland,LAR,K,12,6.3,9,128
Jettison Kirkland,LAR,K,13,5.7,9,128
Jettison Kirkland,LAR,K,14,5.3,9,128
Jettison Kirkland,LAR,K,15,7.2,9,128
Jettison Kirkland,LAR,K,16,7.8,9,128
Jettison Kirkland,LAR,K,17,5.8,9,128
Ivory Solano,TB,K,1,6.6,12,168
Ivory Solano,TB,K,2,4.3,12,168
Ivory Solano,TB,K,3,5.6,12,168
Ivory Solano,TB,K,4,5.8,12,168
Ivory Solano,TB,K,5,4.6,12,168
Ivory Solano,TB,K,6,4.7,12,168
Ivory Solano,TB,K,7,3.7,12,168
Ivory Solano,TB,K,8,5.8,12,168
Ivory Solano,TB,K,9,4.4,12,168
Ivory Solano,TB,K,10,4.3,12,168
Ivory Solano,TB,K,11,4.9,12,168
Ivory Solano,TB,K,13,4.1,12,168
Ivory Solano,TB,K,14,4.0,12,168
Ivory Solano,TB,K,15,4.6,12,168
Ivory Solano,TB,K,16,6.1,12,168
Ivory Solano,TB,K,17,4.7,12,168
Abington Pellegrino,NYJ,K,1,5.6,9,170
Abington Pellegrino,NYJ,K,2,4.2,9,170
Abington Pellegrino,NYJ,K,3,6.2,9,170
Abington Pellegrino,NYJ,K,4,5.4,9,170
Abington Pellegrino,NYJ,K,5,5.6,9,170
Abington Pellegrino,NYJ,K,6,4.8,9,170
Abington Pellegrino,NYJ,K,7,5.2,9,170
Abington Pellegrino,NYJ,K,8,4.8,9,170
Abington Pellegrino,NYJ,K,10,4.7,9,170
Abington Pellegrino,NYJ,K,11,6.1,9,170
Abington Pellegrino,NYJ,K,12,4.3,9,170
Abington Pellegrino,NYJ,K,13,3.4,9,170
Abington Pellegrino,NYJ,K,14,3.1,9,170
Abington Pellegrino,NYJ,K,15,3.9,9,170
Abington Pellegrino,NYJ,K,16,5.3,9,170
Abington Pellegrino,NYJ,K,17,4.3,9,170
Deshields Marchetti,GB,K,1,4.0,12,173
Deshields Marchetti,GB,K,2,5.3,12,173
Deshields Marchetti,GB,K,3,5.0,12,173
Deshields Marchetti,GB,K,4,4.9,12,173
Deshields Marchetti,GB,K,5,3.8,12,173
Deshields Marchetti,GB,K,6,5.0,12,173
Deshields Marchetti,GB,K,7,5.1,12,173
Deshields Marchetti,GB,K,8,4.3,12,173
Deshields Marchetti,GB,K,9,5.0,12,173
Deshields Marchetti,GB,K,10,6.3,12,173
Deshields Marchetti,GB,K,11,2.9,12,173
Deshields Marchetti,GB,K,13,5.0,12,173
Deshields Marchetti,GB,K,14,3.5,12,173
Deshields Marchetti,GB,K,15,3.3,12,173
Deshields Marchetti,GB,K,16,4.3,12,173
Deshields Marchetti,GB,K,17,4.9,12,173
Norwood Rutkowski,TEN,K,1,3.1,6,175
Norwood Rutkowski,TEN,K,2,5.9,6,175
Norwood Rutkowski,TEN,K,3,3.7,6,175
Norwood Rutkowski,TEN,K,4,4.3,6,175
Norwood Rutkowski,TEN,K,5,3.9,6,175
Norwood Rutkowski,TEN,K,7,3.9,6,175
Norwood Rutkowski,TEN,K,8,4.4,6,175
Norwood Rutkowski,TEN,K,9,4.1,6,175
Norwood Rutkowski,TEN,K,10,4.9,6,175
Norwood Rutkowski,TEN,K,11,3.4,6,175
Norwood Rutkowski,TEN,K,12,3.1,6,175
Norwood Rutkowski,TEN,K,13,6.0,6,175
Norwood Rutkowski,TEN,K,14,4.3,6,175
Norwood Rutkowski,TEN,K,15,5.0,6,175
Norwood Rutkowski,TEN,K,16,5.4,6,175
Norwood Rutkowski,TEN,K,17,4.9,6,175
Cassel Wexford,PIT,K,1,4.4,9,180
Cassel Wexford,PIT,K,2,5.0,9,180
Cassel Wexford,PIT,K,3,3.8,9,180
Cassel Wexford,PIT,K,4,3.3,9,180
Cassel Wexford,PIT,K,5,2.4,9,180
Cassel Wexford,PIT,K,6,4.7,9,180
Cassel Wexford,PIT,K,7,4.2,9,180
Cassel Wexford,PIT,K,8,2.2,9,180
Cassel Wexford,PIT,K,10,2.9,9,180
Cassel Wexford,PIT,K,11,4.4,9,180
Cassel Wexford,PIT,K,12,2.9,9,180
Cassel Wexford,PIT,K,13,5.3,9,180
Cassel Wexford,PIT,K,14,3.7,9,180
Cassel Wexford,PIT,K,15,3.3,9,180
Cassel Wexford,PIT,K,16,3.7,9,180
Cassel Wexford,PIT,K,17,2.9,9,180
Idris Osei,LV,K,1,5.3,10,162
Idris Osei,LV,K,2,4.9,10,162
Idris Osei,LV,K,3,6.2,10,162
Idris Osei,LV,K,4,5.0,10,162
Idris Osei,LV,K,5,5.1,10,162
Idris Osei,LV,K,6,6.0,10,162
Idris Osei,LV,K,7,5.3,10,162
Idris Osei,LV,K,8,6.4,10,162
Idris Osei,LV,K,9,5.3,10,162
Idris Osei,LV,K,11,3.7,10,162
Idris Osei,LV,K,12,5.3,10,162
Idris Osei,LV,K,13,4.7,10,162
Idris Osei,LV,K,14,5.3,10,162
Idris Osei,LV,K,15,6.7,10,162
Idris Osei,LV,K,16,5.1,10,162
Idris Osei,LV,K,17,5.5,10,162
Ivory Quezada,LV,K,1,6.2,11,166
Ivory Quezada,LV,K,2,6.3,11,166
Ivory Quezada,LV,K,3,5.0,11,166
Ivory Quezada,LV,K,4,4.2,11,166
Ivory Quezada,LV,K,5,5.3,11,166
Ivory Quezada,LV,K,6,5.6,11,166
Ivory Quezada,LV,K,7,4.0,11,166
Ivory Quezada,LV,K,8,4.3,11,166
Ivory Quezada,LV,K,9,5.2,11,166
Ivory Quezada,LV,K,10,5.9,11,166
Ivory Quezada,LV,K,12,5.4,11,166
Ivory Quezada,LV,K,13,5.7,11,166
Ivory Quezada,LV,K,14,4.3,11,166
Ivory Quezada,LV,K,15,3.2,11,166
Ivory Quezada,LV,K,16,5.6,11,166
Ivory Quezada,LV,K,17,4.5,11,166
Farrow Thistlewood,CAR,K,1,1.6,10,184
Farrow Thistlewood,CAR,K,2,3.4,10,184
Farrow Thistlewood,CAR,K,3,2.1,10,184
Farrow Thistlewood,CAR,K,4,3.4,10,184
Farrow Thistlewood,CAR,K,5,4.2,10,184
Farrow Thistlewood,CAR,K,6,2.9,10,184
Farrow Thistlewood,CAR,K,7,2.9,10,184
Farrow Thistlewood,CAR,K,8,2.9,10,184
Farrow Thistlewood,CAR,K,9,2.1,10,184
Farrow Thistlewood,CAR,K,11,2.8,10,184
Farrow Thistlewood,CAR,K,12,2.3,10,184
Farrow Thistlewood,CAR,K,13,3.1,10,184
Farrow Thistlewood,CAR,K,14,5.1,10,184
Farrow Thistlewood,CAR,K,15,2.2,10,184
Farrow Thistlewood,CAR,K,16,2.4,10,184
Farrow Thistlewood,CAR,K,17,2.9,10,184
